title	id	genre	description	created_at	permalink_url	track_format	caption	artwork_url	last_modified	download_count	kind
Adele | Set Fire To The Rain ( Reggae Version By Reggaesta )	66424164			2012-11-07T00:52:12Z	https://soundcloud.com/yara-yussef/adele-set-fire-to-the-rain	single-track		https://i1.sndcdn.com/artworks-000033695413-9mta5p-large.jpg	2021-10-10T20:53:05Z	0	track
Set Fire To The Rain (Adele)	35646952	Sex	"http://TheHeartwood.com
http://smarurl.it/Merchandise
http://Facebook.com/SycAmour"	2012-02-05T17:16:44Z	https://soundcloud.com/sycamour/sycamour-set-fire-to-the-rain	single-track		https://i1.sndcdn.com/artworks-000077169626-hhxbcg-large.jpg	2021-10-09T11:46:29Z	0	track
Its A Good Day ***FREE DOWNLOAD***	125711181	electro swing	"Kiss Me Yesterday Remix of Peggy Lee's It's a good day

Enjoy and share!

vocals by: helene.griesslehner@gmail.com (feel free to contact me with questions, comments ... ;))

Thank you for liking us on facebook: https://www.facebook.com/kissmeyesterday

For booking Kiss Me Yesterday as a Live-Act please contact booking@kiss-me-yesterday.com

www.kiss-me-yesterday.com"	2013-12-20T09:42:17Z	https://soundcloud.com/kiss-me-yesterday/its-a-good-day-free-download	single-track		https://i1.sndcdn.com/artworks-000147281310-f0bfvu-large.jpg	2021-06-06T11:32:54Z	6470	track
Chandelier (Chill Mixes)	193043338	House		2015-02-25T22:52:12Z	https://soundcloud.com/chill-mixes/chandelier-chill-mixes	single-track		https://i1.sndcdn.com/artworks-000108110645-lnz8um-large.jpg	2018-08-02T17:31:45Z	101	track
Adele - Set Fire to Rain (Let it Burn Remix)	44373278	R&b 	my take on adele's  fire to rain	2012-04-26T03:39:12Z	https://soundcloud.com/leemarcasistin/set-fire-to-rain-let-it-burn	single-track			2014-06-14T04:11:13Z	100	track
ADELE - HELLO (LEROY SANCHEZ COVER)	230299205	Music	plrg.	2015-10-27T12:06:39Z	https://soundcloud.com/kyle-morris-48/adele-hello-leroy-sanchez-cover	single-track		https://i1.sndcdn.com/artworks-000134105235-xp79mc-large.jpg	2021-01-05T06:54:35Z	0	track
Someone like you -- Adele	31617466	Techno House		2011-12-26T06:36:21Z	https://soundcloud.com/achmadfauzi/someone-like-you-adele	single-track		https://i1.sndcdn.com/artworks-000015873654-c1jjei-large.jpg	2021-03-31T09:22:36Z	100	track
Some One Like You - Adele cover	102627281	Lounge	Live from Hollyday Inn, 3 july 2013	2013-07-26T01:08:01Z	https://soundcloud.com/mirkl_project/some-one-like-you-adele-cover	single-track		https://i1.sndcdn.com/artworks-000159572720-sed8kx-large.jpg	2020-08-31T12:02:43Z	0	track
Mega Mashup songs 2013 ( Justin Bieber ,P!nk ,Katy Perry ,Fun ,Adele,Rihanna,1D,Demi Lovato &more	99911640	Pop	If U Like it share it & Follow me on twitter @yomnage 	2013-07-06T12:48:14Z	https://soundcloud.com/egy-directioner/mega-mashup-songs-2013-justin	single-track		https://i1.sndcdn.com/artworks-000052297076-dz8w5t-large.jpg	2021-10-07T19:01:29Z	0	track
LoveShack BABY	233948822	Loveshack		2015-11-20T17:04:58Z	https://soundcloud.com/joshkale/loveshack-baby	single-track		https://i1.sndcdn.com/artworks-000136789724-xbumjv-large.jpg	2021-09-21T05:57:30Z	0	track
Ø¨ÙˆØ¨ Ù…Ø§Ø±Ù„Ù‰ Ø§Ø´Ù‡Ø± Ø§ØºÙ†ÙŠÙ‡ Ù…Ù† Ø¯Ù‰ Ø¬Ù‰ Ø§Ù„Ø¬Ù†Ø±Ø§Ù„	219865098	Music	"Ø§ØºÙ†ÙŠØ© Ø¨ÙˆØ¨ Ù…Ø§Ø±Ù„Ù‰ 
DJ General 
01002345396"	2015-08-19T00:23:51Z	https://soundcloud.com/mohammed-el-tayeb-535868775/hqtn3ia1sqk8	single-track		https://i1.sndcdn.com/artworks-000126795175-gaw5pa-large.jpg	2015-08-19T00:23:52Z	0	track
"Ù…Ø­Ù…Ø¯ Ù…Ù†ÙŠØ± ØŒ "" ÙˆÙŠÙ„Ø§Ù†ÙŠ ÙŠØ§ Ø³Ù„Ø§Ù… "" Ù†ÙˆØ¨ÙŠ"	94724330		"Ù…Ø­Ù…Ø¯ Ù…Ù†ÙŠØ± Ù†ÙˆØ¨ÙŠ "" ÙŠØ§ Ø³Ù„Ø§Ù… "" Ù…Ù† ÙÙŠÙ„Ù… Ø¯Ù†ÙŠØ§ 2006 "	2013-05-30T23:19:05Z	https://soundcloud.com/mahmoud-hanafi-1/mounir1yaslam	single-track		https://i1.sndcdn.com/artworks-000049386425-mcws2s-large.jpg	2013-05-30T23:19:06Z	0	track
Ø¬Ù…Ø§Ù„ Ø¨ÙˆØ±ØªÙˆ - Ø§Ù„Ù„ÙŠÙ„ Ø§Ù„Ù‡Ø§Ø¯ÙŠ / ØªØ³Ø¬ÙŠÙ„ Ù†Ø§Ø¯Ø±	72466829			2012-12-24T21:13:06Z	https://soundcloud.com/el3amselim/elleilelhady	single-track		https://i1.sndcdn.com/artworks-000350051256-fqn9gv-large.jpg	2020-09-20T13:17:20Z	31	track
Ø£Ø­Ù…Ø¯ Ø³Ø¹Ø¯ - Ø³Ø£Ù„Øª Ù†ÙØ³ÙŠ	81755684	Ø£Ø­Ù…Ø¯ Ø³Ø¹Ø¯	Ø³Ø£Ù„Øª Ù†ÙØ³ÙŠ ÙƒØªÙŠØ±	2013-03-04T13:38:32Z	https://soundcloud.com/hossam-ramadan/sa2alt-nafsy	single-track		https://i1.sndcdn.com/artworks-000042118109-7q2heb-large.jpg	2021-06-25T13:17:00Z	100	track
Ù…Ù€ÙˆØ§Ù„ ÙŠØ§ Ø§Ù„Ù„Ù‰ Ù„Ù‚ÙŠØª Ø§Ù„Ø£ØµÙŠÙ„ - Ù…Ø­Ù…Ø¯ Ø·Ù‡ / Mawaaal ya eli la'eet el 'aseel	128057527	Ø§Ù„Ø£ØµÙ€ÙŠÙ€Ù„	"ÙŠØ§ ÙŠØ§ ÙŠØ§ ÙŠØ§ Ù„ÙŠÙ„ 

ÙŠØ§ Ø§Ù„Ù„Ù‰ Ù„Ù‚ÙŠØª Ø§Ù„Ø£ØµÙŠÙ„ Ø¹Ø¬Ù„ ÙˆÙ‚ÙˆÙ… Ù†Ø§Ø³Ø¨

 Ø§Ù„Ø£ØµÙ„ Ù‚Ø§Ù„ Ù„Ù„Ø´Ø±Ù Ù‚Ø±Ø¨ ÙˆÙ‚ÙˆÙ… Ù†Ø§Ø³Ø¨ 

Ù…ÙŠÙ‡Ù…Ø´ Ø§Ù„Ù…Ø§Ù„ ÙŠØ§ Ø§Ø¨Ù† Ø§Ù„Ø®Ø§Ù„ Ù‚ÙˆÙ… Ù†Ø§Ø³Ø¨

Ù„Ùˆ Ø®Øª Ø¨Ù†Øª Ø§Ù„Ø®Ø³ÙŠØ³ Ù‡ÙŠØ¶ÙŠØ¹ Ù…Ø¹Ø±ÙˆÙÙƒ 

ÙˆØ¥Ø°Ø§ Ø®Øª Ø¨Ù†Øª Ø§Ù„Ø£ØµÙŠÙ„ Ù‡ÙŠØ¨Ø§Ù† Ù…Ø¹Ø±ÙˆÙÙƒ 

ÙˆØ§Ù„Ù„Ù‰ ÙŠØ´ÙˆÙÙƒ Ù‡ÙŠÙ‚ÙˆÙ„ ÙˆØ§Ù„Ù„Ù‡ ØµØ­ÙŠØ­ Ù†Ø§Ø³Ø¨ 

ÙŠØ§ Ù…Ø¹Ø§Ø´Ø± Ø§Ù„Ù†Ø§Ø³ Ø¨Ø§Ù„Ù…Ø¹Ø±ÙˆÙ ØªÙƒØ³Ø¨Ù‡Ù… 

ÙˆÙ…Ù† Ø­Ù„Ø§ÙˆØ© Ø§Ù„Ù„Ø³Ø§Ù† ØªØ±Ø¨Ø­ ÙˆØªÙƒØ³Ø¨Ù‡Ù… 

ÙˆØ£Ù‚Ø¹Ø¯ Ù…Ø¹Ø§Ù‡Ù… ÙÙƒÙ„ ÙƒÙ„Ø§Ù… ØªÙƒØ³Ø¨Ù‡Ù… 

ÙˆÙ‚ØªÙƒ ÙŠÙƒÙˆÙ† Ø¹ÙŠØ¯ ÙˆØªØ¨Ù‚Ù‰ Ø³Ø¹ÙŠØ¯ ÙˆÙŠØ§Ù‡Ù… 

Ø§Ù„ØºØ±Ø¨ ÙˆØ§Ù„Ù‚Ø±Ø¨ ØªØ¨Ù‚Ù‰ Ø­Ø¨ÙŠØ¨ ÙˆÙŠØ§Ù‡Ù… 

ÙˆØ¥Ù† Ø´ÙØª Ù…Ù†Ù‡Ù… Ø¹Ø¯Ø§ÙˆÙ‡ ÙˆØ£Ù†Øª ÙˆÙŠØ§Ù‡Ù…

Ø£Ø¶Ø­Ùƒ Ù…Ø¹Ø§Ù‡Ù… Ø¨ÙƒÙ„ Ø¬Ù…Ø§Ù„ ÙˆØªÙƒØ³Ø¨Ù‡Ù…

Ø¹Ù„Ù‰ Ø§Ù„Ø£ØµÙ„ Ø¯ÙˆØ± 
"	2014-01-05T21:17:06Z	https://soundcloud.com/marwa-yaa-raab/mawaaal-ya-eli-laeet-el-aseel	single-track		https://i1.sndcdn.com/artworks-000067133384-kr9f80-large.jpg	2021-10-03T20:49:46Z	0	track
Feels Like Home (Edwina Hayes)	7985138			2010-12-12T22:27:21Z	https://soundcloud.com/inlove_saso/feels-like-home-edwina-hayes	single-track		https://i1.sndcdn.com/artworks-000003562026-5oz8d6-large.jpg	2019-11-23T03:08:07Z	0	track
Edward Maya - Stereo Love (Original Mix)	30694177	House Commercial 	"For all th elatest release news from 3Beat
www.facebook.com/3beatmusic"	2011-12-15T14:32:33Z	https://soundcloud.com/3beat/edward-maya-stereo-love-7	single-track		https://i1.sndcdn.com/artworks-000015398559-bej14o-large.jpg	2021-10-18T13:26:07Z	0	track
Tep No - The Last Ones Standing	187164052	Tep No	"Check our new track from Digital Piece here : http://bit.ly/1MiAqLb

Le Virtuose
-Facebook : on.fb.me/1OXGYp3
-Youtube : bit.ly/1RNZSgz
-Instagram : http://bit.ly/1GJxqeA
-Twitter : http://bit.ly/1NAWhkH

The Artist
-Tep No : www.facebook.com/tepnomusic"	2015-01-21T17:45:28Z	https://soundcloud.com/levirtuose/tep-no-the-last-ones-standing	single-track		https://i1.sndcdn.com/artworks-000133007249-ncbmsd-large.jpg	2020-08-05T12:39:30Z	0	track
Sam Smith - Stay With Me (TEEMID X Sofia Karlberg)	183631733	Sam	"
Sam Smith - Stay With Me (TEEMID X Sofia Karlberg)
"	2014-12-29T19:46:16Z	https://soundcloud.com/shareyoursongs/sam-smith-stay-with-me-teemid-x-sofia-karlberg	single-track		https://i1.sndcdn.com/artworks-000101680836-cykvvn-large.jpg	2016-02-15T13:55:35Z	0	track
Popeska-Heart Of Glass (marcus boson remix)	194544073	marcusbosoon		2015-03-06T15:47:13Z	https://soundcloud.com/marcus-boson/popeska-heart-of-glass-marcus-boson-remix	single-track		https://i1.sndcdn.com/artworks-000109119582-zaztmv-large.jpg	2015-10-13T10:14:59Z	0	track
Marlon Roudette - When The Beat Drops Out (Matoma Tropical Remix)	162772994	Matoma	"The last few months have been amazing in terms of remix assignments and gigs. This remix is an official mission from Universal Germany for the artist Marlon Roudette new hit ""When the beat drops out"", it climbs the charts throughout Europe and when I heard the original for the first time I understand why. Marlon really has an amazing voice and I have done my best to create a good tune around the solid vocals. hope you will enjoy the remix as much as I did making it!

Photocredit:
Kamilla Paulsen
http://milligramdesign.no/

Like it? Heart it on Hype Machine: http://hypem.com/track/2623z/Marlon+Roudette+-+When+The+Beat+Drops+Out+(Matoma+Tropical+Remix)"	2014-08-12T05:03:20Z	https://soundcloud.com/matoma-official/when-the-beat-drops-out-matoma-remix	single-track		https://i1.sndcdn.com/artworks-000087830204-cjvsik-large.jpg	2021-10-15T12:35:37Z	0	track
Klingande ft. Daylight - Losing U (DG Mix Deep House Remix)	249141758	Deep House	This is the new track from DG Mix. Enjoy it!	2016-02-27T08:50:45Z	https://soundcloud.com/user-401549794/klingande-ft-daylight-losing-u-dg-mix-deep-house-remix-1	single-track		https://i1.sndcdn.com/artworks-000148812136-aipiw1-large.jpg	2017-06-28T08:36:01Z	0	track
NATIO Ft. Marilou - H S S (Tropical Cover) - Fly Like Ice EXCLUSIVE	220394317	Fly Like Ice EXCLUSIVE	"1st EXCLUSIVE upload!
If you like this beautiful cover of this young talent, Please click Repost and give this boy the love he deserve! Peace! <3

NATIO:
- INSTAGRAM: https://instagram.com/natiomusic
- SOUNDCLOUD: @natio-1
 "	2015-08-22T14:42:46Z	https://soundcloud.com/flylikeice/natio-ft-marilou-h-s-s-tropical-cover-fly-like-ice-exclusive-1	single-track		https://i1.sndcdn.com/artworks-000127159278-5529oy-large.jpg	2020-12-22T16:35:38Z	0	track
Major Lazer - Cold Water ft. Justin Bieber (Koni Remix) (Lea, StrÃ¸m, J.Roosevelt Cover)	275308249	Deep House	"Free Download / Stream: https://konimusic.com/release-coldwater/

For more music, follow my playlists 'All Koni Tunes' http://bit.ly/allkonitunes and 'Hang Out With Koni' http://bit.ly/hangoutwithkoni on Spotify.

To receive exclusive goodies and stay up-to-date on my work, sign up for my newsletter here: http://eepurl.com/b3PGWL ğŸ“¬"	2016-07-25T17:59:40Z	https://soundcloud.com/koni_music/major-lazer-cold-water-koni-remix	single-track		https://i1.sndcdn.com/artworks-000173241041-lslygw-large.jpg	2021-10-13T17:49:18Z	0	track
Coldplay - Adventure Of A Lifetime - (Koni Remix ft. Gabriella)	245385832	Deep House	"Free Download / Stream: https://konimusic.com/release-adventure/

For more music, follow my playlists 'All Koni Tunes' http://bit.ly/allkonitunes and 'Hang Out With Koni' http://bit.ly/hangoutwithkoni on Spotify.

To receive exclusive goodies and stay up-to-date on my work, sign up for my newsletter here: http://eepurl.com/b3PGWL ğŸ“¬

Follow Koni:
https://soundcloud.com/koni_music
https://www.facebook.com/officialkoni
https://twitter.com/officialKoni
https://www.instagram.com/koni_music
https://www.youtube.com/c/Koni_video"	2016-02-04T10:16:11Z	https://soundcloud.com/koni_music/coldplay-adventure-of-a-lifetime-gabriella-cover-koni-remix	single-track		https://i1.sndcdn.com/artworks-000145833012-pwbafm-large.jpg	2021-05-08T11:49:26Z	0	track
DJ Snake ft. Justin Bieber - Let Me Love You (Koni Remix) (Emma Heesters Cover)	276962559	Deep House	"For more music, follow my playlists 'All Koni Tunes' http://bit.ly/allkonitunes and 'Hang Out With Koni' http://bit.ly/hangoutwithkoni on Spotify.

Free Download / Stream: https://konimusic.com/release-letmeloveyou/

To receive exclusive goodies and stay up-to-date on my work, sign up for my newsletter here: http://eepurl.com/b3PGWL ğŸ“¬

The whole week I was looking forward about DJ Snake's album coming out. So when Emma reached out to me asking for a remix of her version of 'Let Me Love You' I was really excited about it. I fall in love with her vocals immediately and enjoyed working on it. Iâ€™m happy how it turned out and hope you enjoy it, too!
Best Koni

Follow Emma Heesters:â€¨
https://open.spotify.com/track/6KXhK4F43PH1Q9BaP855Fx
@emma-heestersâ€¨
https://instagram.com/emmaheesters/â€¨
facebook.com/emma.heestersâ€¨
youtube.com/user/EmmaHeesters/â€¨
twitter.com/emmaheesters

Follow Koni:
https://soundcloud.com/koni_music
https://www.facebook.com/officialkoni
https://twitter.com/officialKoni
https://www.instagram.com/koni_music
https://www.youtube.com/c/Koni_video"	2016-08-05T15:24:03Z	https://soundcloud.com/koni_music/dj-snake-x-justin-bieber-let-me-love-you-koni-remix-ft-emma-heesters	single-track		https://i1.sndcdn.com/artworks-000175008490-hxnufu-large.jpg	2021-10-13T23:10:19Z	0	track
Major Lazer - Cold Water (feat. Justin Bieber & MÃ˜) Devvon Terrell remix	275627828	Pop	"Watch The YouTube Video https://youtu.be/VCafX0pJPz4

Order Your WEIRDO_o Merch - Link: https://shop.spreadshirt.com/WEIRDObrand/

DEVVON TERRELL
Snapchat: Devvonterrell

www.DevvonTerrell.com 
www.twitter.com/DevvonTerrell 
www.facebook.com/DevvonTerrellMusic 
www.youtube.com/DevvonTerrell 
www.instagram.com/DevvonTerrell

MANAGEMENT
The R Music Group 
www.TheRmusicGroup.com
Ryan ""The R"" Matthews
TheR.Ent@gmail.com"	2016-07-27T16:25:10Z	https://soundcloud.com/devvonterrell/coldwater	single-track		https://i1.sndcdn.com/artworks-000173577105-c6b9do-large.jpg	2021-08-09T03:35:49Z	16731	track
Bryce Fox - Burn Fast (Koni Remix)	253770481	Disco	"Free Download/Stream : https://konimusic.com/release-burnfast/

For more music, follow my playlists 'All Koni Tunes' http://bit.ly/allkonitunes and 'Hang Out With Koni' http://bit.ly/hangoutwithkoni on Spotify.

To receive exclusive goodies and stay up-to-date on my work, sign up for my newsletter here: http://eepurl.com/b3PGWL ğŸ“¬

Join the Koni Newsletter here: www.hive.co/l/koni-news-signup
To receive exclusive content like the Newsletter mixtapes, unreleased tracks & stay up-to-date on my work. Cheers Koni.

Follow Koni:
https://soundcloud.com/koni_music
https://www.facebook.com/officialkoni
https://twitter.com/officialKoni
https://www.instagram.com/koni_music
https://www.youtube.com/c/Koni_video

Follow Bryce Fox:
https://www.soundcloud.com/brycefoxed
https://www.facebook.com/brycefoxmusic/
https://www.twitter.com/BryceFoxed
https://www.youtube.com/user/BriceFoxTV"	2016-03-21T12:20:19Z	https://soundcloud.com/koni_music/bryce-fox-burn-fast-koni-remix-1	single-track		https://i1.sndcdn.com/artworks-000152741987-bvrojx-large.jpg	2021-06-22T19:48:43Z	0	track
Major Lazer ft Justin Bieber & MO - Cold Water [Joe Maz Remix]	275357465	nah fam	www.djjoemaz.com	2016-07-25T23:53:18Z	https://soundcloud.com/dopemusic84/major-lazer-ft-justin-bieber-mo-cold-water-joe-maz-remix	single-track		https://i1.sndcdn.com/artworks-000173292767-e3k7z5-large.jpg	2021-09-20T01:50:02Z	0	track
Ed Sheeran - Lego House	45108319			2012-05-02T21:07:27Z	https://soundcloud.com/wmb/ed-sheeran-lego-house	single-track		https://i1.sndcdn.com/artworks-000022680579-7droin-large.jpg	2021-08-06T19:59:29Z	0	track
Adele - Million Years Ago	246284667	pop		2016-02-09T23:57:54Z	https://soundcloud.com/cordelia-632296586/adele-million-years-ago	single-track		https://i1.sndcdn.com/artworks-000146546723-ag3b2q-large.jpg	2021-10-06T12:31:34Z	0	track
Adele - When We Were Young	250553551		"The Official version of ""When We Were Young"" By The Amazing ADELE.

-Source : https://www.youtube.com/watch?v=hvpDRX4biiY"	2016-03-06T22:29:36Z	https://soundcloud.com/nardeen-ibrahim/adele-when-we-were-young	single-track		https://i1.sndcdn.com/artworks-000149912319-2tr0yc-large.jpg	2021-10-05T13:59:23Z	0	track
Iggy Azalea - Fancy (GTA REMIX)	144880614	rap		2014-04-15T22:05:30Z	https://soundcloud.com/iggy-azalea-official/iggy-azalea-fancy-gta-remix	single-track		https://i1.sndcdn.com/artworks-000076642012-5shv6o-large.jpg	2021-09-27T01:55:37Z	0	track
Sia - Cheap Thrills Ft. Sean Paul (Bruno Torres Remix)	248310182	Cheap Thrills	"Website Oficial: http://brunotorres.es
Main account â–º @puchidj

Free Download: https://brunotorres.es/sia-cheap-thrills-ft-sean-paul-bruno-torres-remix/

New remix #NeverGiveUp â–º https://soundcloud.com/bruno-torres-remixes-3/sia-never-give-up-bruno-torres-remix-2
New remix #TheGreatest â–º https://soundcloud.com/bruno-torres-remixes-3/sia-ft-kendrick-lamar-the-greatest-bruno-torres-remix-1"	2016-02-22T11:52:36Z	https://soundcloud.com/bruno-torres-remixes/sia-cheap-thrills-ft-sean-paul-bruno-torres-remix	single-track		https://i1.sndcdn.com/artworks-000148153668-21uhdh-large.jpg	2021-10-02T11:32:51Z	0	track
GÆ°Ì‰i NgÆ°Æ¡Ì€i YÃªu CuÌƒ - HÃ´Ì€ NgoÌ£c HaÌ€ (Offical Music)	277078652		"NgÆ°á»i há»i: ""Sau khi chia tay em sá»‘ng vui hay Ä‘ang buá»“n
Rá»“i lÃ m nhÆ° anh lo láº¯ng, anh quan tÃ¢m
VÃ  há»i: ""Sau khi chia tay em Ä‘Ã£ yÃªu thÃªm má»™t ngÆ°á»i khÃ¡c""
Rá»“i tháº£n nhiÃªn, sao cÃ³ thá»ƒ khÃ´ng biáº¿t lÃ . 

Em há»c yÃªu báº£n thÃ¢n hÆ¡n, em há»c quen vá»›i cÃ´ Ä‘Æ¡n
Cá»‘ quÃªn má»™t Ä‘iá»u mÃ  em ngá»¡ lÃ  mÃ£i mÃ£i
Anh tÃ n nháº«n bá» em Ä‘i, khÃ´ng mÃ ng Ä‘áº¿n chÃºt nghÄ© suy
Äá»ƒ em á»Ÿ láº¡i nhÃ¬n Ä‘Ã¢u cÅ©ng Ä‘au.

[ÄK:]
VÃ¬ em yáº¿u Ä‘uá»‘i
MuÃ´n Ä‘á»i em váº«n yáº¿u Ä‘uá»‘i
Em che háº¿t Ä‘i báº±ng nhá»¯ng gÆ°á»£ng cÆ°á»i
Cháº³ng Ä‘á»ƒ ai nháº­n ra ráº±ng em yáº¿u Ä‘uá»‘i
MuÃ´n Ä‘á»i em váº«n yáº¿u Ä‘uá»‘i
Anh khÃ´ng pháº£i em Ä‘Ã¢u thá»ƒ hiá»ƒu Ä‘Æ°á»£c
Náº¿u nhÆ° khÃ´ng máº¡nh máº½ em biáº¿t pháº£i tháº¿ nÃ o."	2016-08-06T11:28:45Z	https://soundcloud.com/s-n-sa-l-y/gui-nguoi-yeu-cu-ho-ngoc-ha-offical-music	single-track		https://i1.sndcdn.com/artworks-000177862390-zl9li7-large.jpg	2016-08-22T13:09:38Z	0	track
XÃ³a KÃ½ á»¨c - Há»“ Ngá»c HÃ  (OFFICIAL)	178660717	xoa ky uc		2014-11-26T00:16:05Z	https://soundcloud.com/s-n-sa-l-y/xoa-ky-uc-ho-ngoc-ha-official	single-track		https://i1.sndcdn.com/artworks-000098324901-hmzvpc-large.jpg	2014-11-26T00:16:07Z	0	track
Keep Me In Love - Há»“ Ngá»c HÃ  Ft Kim Ft Äá»— Hiáº¿u	280133609	House		2016-08-27T08:03:02Z	https://soundcloud.com/hieu-do-153471219/keep-me-in-love-ho-ngoc-ha-ft-kim-ft-do-hieu	single-track		https://i1.sndcdn.com/artworks-000178962191-pk4h3z-large.jpg	2016-08-27T08:06:31Z	0	track
Ngay Mai Em Äi - Ho Ngoc Ha Cover	260141748			2016-04-21T05:37:43Z	https://soundcloud.com/toby-phan/ngay-mai-em-di	single-track		https://i1.sndcdn.com/artworks-000159192088-2xtjni-large.jpg	2016-04-21T06:01:29Z	0	track
Destiny - Há»“ Ngá»c HÃ  Moombahton Mix by Äá»— Hiáº¿u	264386492	Moombahton		2016-05-16T14:08:04Z	https://soundcloud.com/hieu-do-153471219/destiny-remix	single-track		https://i1.sndcdn.com/artworks-000163211309-2mi7fx-large.jpg	2016-05-20T14:00:41Z	0	track
Huong Ngoc Lan [My Linh] [Nhacso.Net]	39885619			2012-03-15T21:08:32Z	https://soundcloud.com/lovefreedom/huong-ngoc-lan-my-linh-nhacso	single-track			2012-03-15T21:09:18Z	0	track
Chá»‰ LÃ  Anh ThÃ´i - Há»“ Quá»³nh HÆ°Æ¡ng (GÃ¡i GiÃ  Láº¯m ChiÃªu OST)	250286909	Pop		2016-03-05T05:10:34Z	https://soundcloud.com/qu-n-blue/chi-la-anh-thoi-ho-quynh-huong-gai-gia-lam-chieu-ost	single-track		https://i1.sndcdn.com/artworks-000149716460-2hgqiu-large.jpg	2016-03-05T05:10:38Z	0	track
Kylie Minogue - Can't Get You Outta My Head (The Last Catalyst Remix)	21494667	house electro electronica tecnho	Finished track. Enjoy :)	2011-08-20T00:53:15Z	https://soundcloud.com/shrewmen/kylie-minogue-cant-get-you	single-track			2021-06-17T15:45:13Z	608	track
Cake By The Ocean - DNCE	248697731	DNCE		2016-02-24T17:41:28Z	https://soundcloud.com/muhammad-havidz/cake-by-the-ocean-dnce	single-track		https://i1.sndcdn.com/artworks-000148455891-p6yr3z-large.jpg	2021-08-03T13:05:03Z	0	track
OST TaÌ‚n Kinh Hoa YeÌ‚n VaÌ‚n - ÄaÌ£i MoÌ£Ì‚ng YeÌ‚n VaÌ‚n - å¤§æ¢¦çƒŸäº‘	252149565		https://www.facebook.com/nguyenhoaivietsub/	2016-03-16T12:40:52Z	https://soundcloud.com/kong-king-426795257/ost-tan-kinh-hoa-yen-van-dai-mong-yen-van	single-track		https://i1.sndcdn.com/artworks-000200917241-awm4yz-large.jpg	2017-01-02T16:02:17Z	0	track
OST TaÌ‚n Kinh Hoa YeÌ‚n VaÌ‚n - ToaÌ‰ - é”	252149867		https://www.facebook.com/nguyenhoaivietsub/	2016-03-16T12:43:59Z	https://soundcloud.com/kong-king-426795257/ost-tan-kinh-hoa-yen-van-toa	single-track		https://i1.sndcdn.com/artworks-000200917275-lk79h0-large.jpg	2017-01-02T16:02:38Z	0	track
Adele-Rolling in the deep VillA Remix	9735966	VillA		2011-01-28T10:29:24Z	https://soundcloud.com/villamakesmusic/adele-rolling-in-the-deep-villa-remix	single-track		https://i1.sndcdn.com/artworks-000004437157-u2d4pt-large.jpg	2021-10-20T15:23:34Z	28047	track
Adele Tribute 19/21  - Rolling in the Deep	19526881		"Adele Tribute ""19/21"" performing Rolling in the Deep - Booking enquiries email 1921adele@gmail.com
"	2011-07-22T00:11:11Z	https://soundcloud.com/19-21-adele-tribute/adele-tribute-19-21-rolling-in	single-track		https://i1.sndcdn.com/artworks-000009559890-n00rp5-large.jpg	2020-08-16T19:29:26Z	109	track
19/21 Adele Tribute - Make you feel my Love	18878228		Desk mix from rehearsal of Adele's make you feel my love	2011-07-12T10:30:44Z	https://soundcloud.com/19-21-adele-tribute/19-21-adele-tribute-make-you	single-track		https://i1.sndcdn.com/artworks-000009196889-z9kw3b-large.jpg	2015-01-15T20:05:47Z	100	track
Imagination (feat. Katy Menditta)	167800285	Dance	"Imagination ft. Katy Menditta taken from our debut album 'Sirens' out now!
---------------------- 
Standard â€“ http://po.st/SirensStd
Deluxe - http://po.st/SirensDlx

New track Saving My Life feat. ROMANS
Download on iTunes: http://smarturl.it/SavingMyLife
Stream on Spotify: http://smarturl.it/SavingMyLifeS
Stream on Apple Music: http://po.st/SMLaPR
Download on Google Play: Google Play: http://po.st/SMLgPR

http://www.gorgoncity.com/
https://twitter.com/GorgonCity
https://facebook.com/gorgoncity
http://instagram.com/gorgoncity
https://www.youtube.com/user/GorgonCityVEVO
https://open.spotify.com/artist/4VNQWV2y1E97Eqo2D5UTjx
http://soundcloud.com/gorgon-city"	2014-09-15T09:14:35Z	https://soundcloud.com/gorgon-city/imagination	single-track		https://i1.sndcdn.com/artworks-5pnY5717ydvd-0-large.jpg	2021-09-08T13:37:02Z	0	track
Ed Sheeran - Thinking out Loud	214693443	Pop		2015-07-14T16:14:49Z	https://soundcloud.com/edsheeran/thinking-out-loud	single-track		https://i1.sndcdn.com/artworks-m3YUAPsZ7C7Q-0-large.jpg	2021-07-29T00:56:13Z	0	track
Sing	214693434	Pop		2015-07-14T16:14:47Z	https://soundcloud.com/edsheeran/sing	single-track		https://i1.sndcdn.com/artworks-bny2uIqPjyQs-0-large.jpg	2021-10-18T13:13:20Z	0	track
Whitney Houston - How Will I Know (Oliver Nelson Remix)	74938464	Nu Disco	"This remix is dedicated to Whitney Houston. 
I love the original and wanted to twist it into my style! 

Love,
O.N "	2013-01-14T21:48:11Z	https://soundcloud.com/olivernelson/whitney-houston-how-will-i	single-track		https://i1.sndcdn.com/artworks-000038454692-xljpwq-large.jpg	2021-02-14T18:18:57Z	9524	track
Whitney Houston - I look to you - live	37367791			2012-02-21T17:49:00Z	https://soundcloud.com/jarodmultimedia/whitney-houston-i-look-to-you	single-track		https://i1.sndcdn.com/artworks-000018748691-ovk01e-large.jpg	2021-01-08T17:25:33Z	0	track
Whitney Houston - One moment in time - Live - Grammy Awards - 1988	36967864			2012-02-17T21:00:56Z	https://soundcloud.com/jarodmultimedia/whitney-houston-one-moment-1	single-track		https://i1.sndcdn.com/artworks-000018540706-7eos7a-large.jpg	2021-01-21T20:14:27Z	0	track
Whitney Houston - I will always love you - Live - Grammy Awards - 1994	36948864	Soul		2012-02-17T17:40:39Z	https://soundcloud.com/jarodmultimedia/whitney-houston-i-will-always	single-track		https://i1.sndcdn.com/artworks-000018530631-ftg6b6-large.jpg	2021-10-10T21:25:18Z	0	track
"Whitney Houston ""His Eye Is On The Sparrow"""	47249991	Gospel	Learn more about SPARKLE here http://sparkle-movie.com/	2012-05-22T22:42:47Z	https://soundcloud.com/sparklemovie/his-eye-is-on-the-sparrow	single-track		https://i1.sndcdn.com/artworks-000023783355-4whc5x-large.jpg	2016-10-19T12:58:35Z	0	track
Shake It Off - Taylor Swift (Pop Punk Cover by TeraBrite)	168575289	ShakeItOff	"Watch TeraBrite's music video for Shake It Off by Taylor Swift on YouTube here: http://youtu.be/xyK6avw4m8g

Taylor Swift ""Shake It Off"" Pop Punk / Rock Cover Music Video by TeraBrite

GET THIS ON iTunes: https://itunes.apple.com/us/album/shake-it-off-single/id921125855

CLICK TO TWEET AT TAYLOR SWIFT: http://ctt.ec/vc4fW
REBLOG THE MUSIC VIDEO: http://terabrite.net/post/97065804915/taylor-swift-shake-it-off

Shake It Off is Taylor Swift's new single off of her album 1989

""Shake It Off"" by Taylor Swift Lyrics:
I stay up too late, got nothing in my brain
That's what people say mmm, that's what people say mm
I go on too many dates, but I can't make 'em stay
At least that's what people say mmm, that's what people say mmm

But I keep cruising, can't stop, won't stop moving
It's like I got this music in my body and it's gonna be alright

'Cause the players gonna play, play, play, play, play
And the haters gonna hate, hate, hate, hate, hate
Baby, I'm just gonna shake, shake, shake, shake, shake
I shake it off, I shake it off
Heartbreakers gonna break, break, break, break, break
And the fakers gonna fake, fake, fake, fake, fake
Baby, I'm just gonna shake, shake, shake, shake, shake
I shake it off, I shake it off

I'll never miss a beat, I'm lightning on my feet
And that's what they don't see mmm, that's what they don't see mmm
I'm dancing on my own (dancing on my own), I'll make the moves up as I go (moves up as I go)
And that's what they don't know mmm, that's what they don't know mmm

But I keep cruising, can't stop, won't stop grooving
It's like I got this music in my body saying it's gonna be alright

'Cause the players gonna play, play, play, play, play
And the haters gonna hate, hate, hate, hate, hate
Baby, I'm just gonna shake, shake, shake, shake, shake
I shake it off, I shake it off
Heartbreakers gonna break, break, break, break, break
And the fakers gonna fake, fake, fake, fake, fake
Baby, I'm just gonna shake, shake, shake, shake, shake
I shake it off, I shake it off

I, I shake it off, I shake it off
I, I shake it off, I shake it off
I, I shake it off, I shake it off
I, I shake it off, I shake it off

Hey, hey, hey, just think while you've been getting down and out about the liars and dirty, dirty cheats in the world you could have been getting down to this sick beat

My ex-man brought his new girlfriend
She's like ""oh my God"", but I'm just gonna shake it
And to the fella over there with the hella good hair
Won't you come on over, baby, we can shake, shake, shake

'Cause the players gonna play, play, play, play, play
And the haters gonna hate, hate, hate, hate, hate
Baby, I'm just gonna shake, shake, shake, shake, shake
I shake it off, I shake it off
Heartbreakers gonna break, break, break, break, break
And the fakers gonna fake, fake, fake, fake, fake
Baby, I'm just gonna shake, shake, shake, shake, shake
I shake it off, I shake it off

I, I shake it off, I shake it off
I, I shake it off, I shake it off
I, I shake it off, I shake it off
I, I shake it off, I shake it off
I shake it off, I shake it off
I, I shake it off, I shake it off
I, I shake it off, I shake it off
I, I shake it off, I shake it off

This track is available for purchase on CD Baby here: http://www.cdbaby.com/cd/terabrite76"	2014-09-20T13:30:54Z	https://soundcloud.com/terabrite/shake-it-off-taylor-swift-cover	single-track		https://i1.sndcdn.com/artworks-000091593562-letplm-large.jpg	2021-09-13T14:51:05Z	0	track
Bob Marley - Buffalo Solider	48836861	reggae		2012-06-06T17:54:41Z	https://soundcloud.com/skanpgm/bob-marley-buffalo-solider	single-track		https://i1.sndcdn.com/artworks-000024608325-1shk3a-large.jpg	2021-10-20T17:29:01Z	0	track
Bob Marley Is this Love (Dubmatix Re-Visioned)	15188186	Reggae	"Get 300MB of free dub & reggae loops from Dubmatix
Join our newsletter  http://www.reggae-loops.com

Marley's music had an immense impact on me as a youth and still resonates today Like many, he was my first introduction to reggae and since my first listen back in the 70s and 80s to now, his music does and will continue to stand the test of time and impact generations of fans and musicians alike for  the high quality of song writing and his message of harmony and peace.. 

This re-vision of  ""Is This Love"" was done a few years ago as a free ""white label"" promo. Please feel free to share."	2011-05-13T10:53:47Z	https://soundcloud.com/dubmatix/bob-marley-is-this-love	single-track		https://i1.sndcdn.com/artworks-000007216039-ur90yq-large.jpg	2021-09-30T21:37:43Z	486675	track
Ana Carolina e Maria GadÃº - Mais que a mim (Por @DayRoyala)	26910783			2011-11-01T14:46:34Z	https://soundcloud.com/royala/ana-carolina-e-maria-gad-mais	single-track		https://i1.sndcdn.com/artworks-000013447407-ntrivr-large.jpg	2020-08-24T12:03:13Z	100	track
7OOT B Masba7 (Ft Emsallam) {Prod. Al Basha}	307135917	Reggae	"Ù„ÙŠÙ„Ø© Ù…Ù† Ø§Ù„Ù„ÙŠØ§Ù„ÙŠ ÙŠØ®ÙˆØ§Ù†.
Lyrics :
Verse 1:
ØªØ¹Ø¨Ø§Ù† Ù…Ù† Ø§Ù„Ù…Ø¯ÙŠÙ†Ø© ÙˆÙ…Ù† Ø§Ù„Ù†Ø§Ø³ Ù„Ø§ÙŠØªÙ„ÙŠ 
Ø¬ÙˆÙ‰ ØºØ±ÙØªÙŠ ÙˆØ§Ø¶Ù„Ù†ÙŠ Ù‡ÙŠÙƒØ§ Ø¨Ø³ ÙŠØ§ Ø±ÙŠØªÙ†ÙŠ 
Ø£Ø®Ø¯Øª Ù†Ø¸Ø±Ø© Ø§ÙˆÙ„Ù‰ Ø¨Ø§Ù„Ù„Ù‡ Ù‚Ù„ÙŠ ÙƒÙŠÙ Ù„Ù‚ÙŠØªÙ†ÙŠ 
Ø­Ø¨ÙŠØªÙ†ÙŠ ÙƒØ±Ù‡ØªÙ†ÙŠ Ø¨ÙˆØ±Ø¯ ÙˆØ´ÙˆÙƒ Ø±Ù…ÙŠØªÙ†ÙŠ 
Ø¨Ø­Ø§ÙˆÙ„ Ø§Ø¶Ù„Ù†ÙŠ Ù…Ø¹ØªØ¯Ù„ Ù…Ø±ÙˆØ­Ø´ Ø¹Ø§Ù„Ø§ÙƒØ³ØªØ±ÙŠÙ…
Ù…Ø´ Ù…Ù„Ø­Ø¯ Ù…Ø´ Ø´ÙŠØ­ Ù…Ø§Ø¨Ø¬ÙŠØ¨Ø´ Ø³ÙŠØ±Ø© Ø§Ù„Ø¯ÙŠÙ†
ÙˆØ±Ø£ÙŠÙŠ Ø¶Ù„Ù†ÙŠÙŠ Ø¨Ø§Ù„Ø¹Ùˆ , Ù‡ÙˆØ¨ØªØ§ Ù‡ÙˆØ¨ØªØ§ Ù‡ÙˆØ¨Øª 
Ø³ÙŠØ¨Ù†Ø§ Ù…Ù† Ø§Ù„Ø±Ø¹Ø¨ Ø§Ù„Ø¹Ø§ÙŠØ´ÙŠÙ†Ùˆ Ø¨Ø¯ÙŠ Ø§Ø³Ù‚Ù„Ùƒ ÙÙŠÙ‡Ø§ Ø­Ø¨ 
Ø¨Ù…Ø²Ø­ Ø¨Ù…Ø²Ø­ , Ø­Ø¨Ø© Ø§Ù„Ø²Ø§Ù†Ø§ÙƒØ³ Ø®Ù„Øª ØºÙŠØ±ÙŠ ØªÙ…Ø³Ø­ ,
 ÙˆØ§Ù†Ø§ Ø±Ø§ÙØ¶ Ø£ØªÙ†Ø£Ø²Ø­ Ø¥Ø¨Ù„Ø¹ Ø­Ø¨ Ø­ØªÙ‰ Ø§ØªÙƒØ±Ø³Ø­ 
,Ù‚Ù„Ù‚ÙŠ Ù…Ø´ Ø¨ØªØ²Ø­Ø²Ø­ Ø­ØªÙ† Ø§Ø±Ø¯Ø¹ Ù„Ø§Ø²Ù… Ø£Ø±Ø¯Ø­
 Ø­ØªÙ‰ Ø§Ù„Ø¯Ù†ÙŠØ§ ØµØºÙŠØ±Ø© ÙÙŠÙ‡ ÙƒÙ†ÙŠ Ø­ÙˆØª Ù…Ø­Ø·ÙˆØ· Ø¨Ù…Ø³Ø¨Ø­
Ø´Ùˆ Ø¨Ø¯Ùƒ Ø§Ø´Ù„Ø­ ØŸ Ø§Ù‡Øª Ø¹Ù„ÙŠÙƒÙˆ ÙˆØ§Ø³Ø±Ø­
 , Ù„Ø³Ø§Ù†ÙŠ Ù…Ø´ ÙØµÙŠØ­ Ù„ÙƒÙ† Ø¨Ø³Ù‡ÙˆÙ„Ø© Ø£ÙØµØ­ 
, Ø¹Ù† ÙƒÙ„ Ø§Ù„Ø³Ø§ÙƒØªÙŠÙŠÙ† ÙˆØ§Ù„Ø³Ø§Ù‚Ø·ÙŠÙ† Ø¹Ù„Ù‰ Ø§Ù„Ù…Ø³Ø±Ø­
 , ÙˆØ§Ù„Ù…ØºØ¶ÙˆØ¨ Ø¹Ù„ÙŠÙ‡Ù… Ù…Ø«Ù„ÙŠ ÙƒÙŠÙ Ø¨Ø¯Ù‡Ø§ ØªÙØ±Ø­
 Ù…Ù† ØºÙŠØ± Ù…Ø§ ÙÙŠÙ‡Ø§ ØªÙ†Ø¶Ø­ ÙˆØªØ´Ø·Ø­ ÙˆØªÙ†Ø·Ø­
 ÙˆØªÙ‚ÙˆÙ„ Ø­Ù‚ ÙˆØªÙ†Ø·Ø® ÙˆÙ†Ù‚ÙˆÙ„ Ø§Ø® ÙˆÙ†Ø®Ø±Ø³ ÙˆÙ†Ø±Ø¶Ø®
ÙˆÙ†Ø±Ø¬Ø¹ Ù„Ù„Ø¨Ø¯Ø§ÙŠØ© Ù†Ø£Ù„Ù Ù…ÙˆØ§ÙˆÙŠÙŠÙŠÙ„ 
ÙŠÙ…Ø§ Ù‡Ø§Ø¸ Ø§Ù„Ù„ÙŠÙ„ Ø´ÙƒÙ„Ùˆ Ø·ÙˆÙŠÙ„

Verse 2 :
ÙˆØ§Ù†Ø§ Ø´Ø§Ø±Ø¯ Ø§Ù„Ø°Ù‡Ù†, Ø¹Ø§ÙŠØ´ ÙÙ„Ù… ,Ø¨Ø§Ù†Ø³ÙŠØ¨Ø´Ù† Ù…Ø§Ø®Ø¯ Ø¯ÙŠÙ†Ù…. Ø¨ÙŠØ±Ø³ÙŠØ¨Ø´Ù† Ù…Ø§Ø®Ø¯ Ù†Ø§ÙØ° Ù…Ø´ Ù†Ø§ÙØ° Ø¹Ù„Ù‰ Ø§ÙŠØ© Ø±Ø°Ù… , Ø­Ø§Ù…Ù„ Ø§Ù„Ø­Ù…Ù„ ÙˆØ³Ø§ÙƒØª Ø²ÙŠ Ø³ÙŠØ²ÙŠØ³ , Ù…Ø¬Ø¹Ù„Ùƒ Ø²ÙŠ Ù‚Ù…ÙŠØµ ,Ø¨ÙƒÙˆÙ† ØºÙˆØ§Ø± Ø¨Ø§Ù„Ø·ÙˆØ´Ø© Ù„Ù…Ø§ Ø§Ø­ÙƒÙŠ ÙŠØ§ Ù…ØºÙŠØµ.
ÙˆØ§Ù„Ø´Ø± Ø¨Ø·Ù„ ÙƒØ±ØªÙˆÙ† . Ø§Ù„Ø´Ø¨ Ù…Ø±Ø¨Ø· Ø¨Ø§Ù„Ø·Ù…Ø¨ÙˆÙ† , ÙˆØ§Ù„Ù‚Ø§Ø¯ÙˆÙ† Ø¨Ø§ÙŠØ¯ Ø§Ù„Ù…Ø¯Ø§Ù… Ù…Ø¹ ÙƒÙ… Ø³ÙŠØ¬Ø§Ø± ÙˆÙƒÙŠØ³ Ø¨ÙˆÙ† Ø¨ÙˆÙ†.
Ù…Ø·Ù„Ø¹Ø© Ø±Ø§Ø³Ù‡Ø§ Ù…Ù† Ø§Ù„Ø´Ø¨Ø§Ùƒ ÙˆØ¨ØªØµØ±Ø® Ø¨Ø³ÙŠØ¯Ø± Ø³ÙŠØ¯Ø±
Ù…Ø¹ÙŠ Ø§Ù„Ø¹Ø±Ø¨ÙŠ Ø¨Ø§Ù„Ø·Ù…Ø¨ÙˆÙ† Ø¹Ø§Ù„Ø­Ø§Ø¬Ø² Ø§ÙŠ ÙˆÙŠÙ„ ÙƒØ§ØªØ´ ÙŠÙˆ Ù„ÙŠØªØ±
ÙˆØ§Ù„Ø³Ø¹Ø§Ø¯Ø© Ø¹Ø§Ø¯Ø© Ø¹Ù…Ø±ÙŠ Ù…Ø§ ØªØ¹ÙˆØ¯Øª Ø¹Ù„ÙŠÙ‡Ø§.
Ø¹Ø§Ø¯ÙŠ Ø¬Ø¯Ø§Ù‹ Ø§Ù„Ø§Ø³ØªØ¹Ø§Ø°Ù‡ Ù„Ù…Ø§ ÙŠÙŠØ¬Ùˆ Ø§ÙŠØ¯ÙŠ Ø¨Ø§ÙŠØ¯ÙŠÙ‡Ø§ .
ÙˆØªÙ‚Ù„ÙŠ Ø§Ù„Ø­Ù‚Ù†ÙŠ , ÙˆØ§Ù†Ø§ Ø§Ù„Ø­Ù‚ Ø²ÙŠ Ø§Ù„Ù…ØºØ±Ù… 
ÙˆØ§Ø°Ø§ Ø§Ù„Ø´Ø±Ø·Ø© Ø²Ù‚Ø·ØªÙ†ÙŠ, Ø¨Ø³Ø±Ø¹Ø© Ø¨Ø¹Ù…Ù„ Ø­Ø§Ù„ÙŠ Ù…Ø±ØºÙ…
Ø¨Ø³ Ø¨Ù†Ù…Ø´ÙŠ ÙˆØ§Ø°Ø§ Ø³Ù„Ùƒ Ø§Ù„ÙˆØ¶Ø¹ Ø¨Ù†Ù…Ø´ÙŠ
ÙˆØ¨Ø³ ØªØ³Ø£Ù„Ù†ÙŠ Ø±Ø­ Ø£Ù‚Ù„Ùƒ 
Ù…Ø´ Ø¹Ø§Ø±ÙÙŠÙ† ÙˆÙŠÙ† Ø±Ø§ÙŠØ­ÙŠÙ†.


Emsallamâ€™s verse :
Ø§Ù„Ø­Ø§Ù„Ø© Ø­Ø§Ø±Øª Ø¹Ù„ÙŠ Ù…Ø±Ø© Ù…Ø§Ù„Øª ÙˆØ¥Ù†Ù‡Ø§Ù„Øª Ø¯Ø§Ø±Øª Ø§Ù„Ø³Ù†ÙŠÙ† ØµØ§Ø±Øª Ù‡ÙˆÙŠØªÙŠ Ù…Ø´ Ø²ÙŠ Ø§Ù„Ø¨Ø§Ù‚ÙŠ Ù†ØµÙ
ØŒ Ø§Ù†Ø§ Ø­Ø§Ù„Ø© ÙƒØ§Ù…Ù„Ø© Ø­Ø§Ø·Ø·.. Ø¹Ø§Ù„Ø·Ø§ÙˆÙ„Ø© Ù…Ø§Ø¯Ø¯ Ø±Ø¬Ù„ÙŠ Ø±Ø§ÙƒØ² Ø¨Ø³ØªÙ†Ù‰ Ø§Ù„Ø¹Ø§Ù„Ù… ÙˆÙƒ ÙŠØ³Ø§Ø¹Ø¯ Ø§Ù„Ø¹Ø§Ø¬Ø² ÙˆÙŠØ²Ø¬ Ø§Ù„Ø¹Ø§Ø·Ù„ Ù„ÙƒÙ† Ø¹Ù… Ø¨Ø¬Ù‡Ù‘Ø² ""Ø¢Ù Ù„ÙˆÙ…ÙŠØ¯ Ø¹ÙØ±ÙŠØª""Ù¡ Ø¹Ø´Ø§Ù† Ø§Ù„Ø­Ø§Ø¬Ø²
.. ÙÙ€Ù€ Ø¨Ù„Ø§Ø´ Ø¥Ù†Øª ØªÙ†ÙƒØ¯ Ø¹Ù„ÙŠ...
 Ù„Ø§Ù†ÙŠ Ù…Ù…ÙƒÙ† Ø£ÙØµÙ„ Ø¹Ø§Ù„Ù‘ÙŠ Ø¨Ø²Ø±Ùƒ
ØŒ Ù…Ø³Ù„Ù… ÙˆÙ‡Ùˆ Ù‚Ø§Ø¹Ø¯ ÙØ¨ÙŠØªÙ‡ Ù‚ÙØ±Ùƒ
 Ø¥Ø¨Ù† ØªÙŠÙ…ÙŠØ© Ø¨Ø§Ù„Ø´Ø§Ø±Ø¹ Ù…Ø§Ø´ÙŠ ÙˆØ­Ø´Ø±Ùƒ
.. ÙˆØ£Ù†Ø§ ØµØ¯Ù‚Ø§ Ù…Ø´ ÙØ§Ø±Ù‚ Ø¹Ù†Ø¯ÙŠ Ù„Ø£Ù†Ù‡ Ø§Ù„Ø­Ø§Ù„Ø© Ø¨ØªØ®Ø²ÙŠ Ù‡ÙˆÙ†
 Ø§Ù„Ù„ÙŠÙ„Ø© Ø¹ØªÙ…Ø© ÙˆØ®Ø§ÙŠÙ Ù‡Ø§Ù„Ø³ÙˆØ§Ø¯ ÙŠØ¯ÙˆÙ…
.. Ø®Ø¯ Ø§Ù„Ø²Ø§ÙƒÙŠ ÙƒÙ„Ù‡ ÙˆØ£Ø¹Ø·ÙŠÙ†ÙŠ Ø±Ø§Ø­Ø© Ø£Ù†Ø§ Ø§Ù„Ø­Ù„Ù‚ÙˆÙ…
 Ø®Ù„ÙŠÙ†ÙŠ Ø£Ø±ÙŠÙ‘Ø­ ØµÙˆØªÙŠ Ø´ÙˆÙŠ Ø¨Ø¹Ø¯ÙŠÙ† Ø£Ù„Ø¹Ù† Ø¥Ù… Ù‡Ø§Ù„Ù‚ÙˆÙ… 
Ø¨Ù‚Ø¹Ø± Ø§Ù„ÙƒÙˆÙƒØ¨ Ù‚Ø§Ø¹Ø¯ÙŠÙ† Ø¨Ù†Ø§Ø·Ø­ ÙˆØ¨Ù†Ø±Ù…ÙŠ Ø¹ØºÙŠØ±Ù†Ø§ Ø§Ù„Ù„ÙˆÙ…
 Ø²ÙŠ Ø²Ø¨Ø¯ Ø§Ù„Ø¨Ø­Ø± Ø£Ùˆ Ø£Ù‚Ù„ Ø£Ù†Ø§ Ø®Ø§ÙŠÙ Ù†ÙƒÙˆÙ† Ø¨Ø³ ÙÙˆÙ….. ÙÙ€ 
Ø¹Ù… Ø¨Ø¨Ø­Ø« Ø¹Ù† Ø£Ø±Ø¶ Ø¹Ø°Ø±Ø§Ø¡ Ù„Ø§Ù†Ù‡ ØµØ±Ù„ÙŠ ÙƒØ«ÙŠØ± Ø¹Ø§ÙŠØ´ Ù‡ÙˆÙ† Ø¨Ø§Ù„Ø£Ø±Ø¶ Ø§Ù„Ø¬Ø±Ø¯Ø§Ø¡
.. Ù„ÙƒÙ„ Ø¯Ø§Ø¡ Ø¯ÙˆØ§Ø¡ Ù„ÙƒÙ† Ø§Ù„Ø¬Ù‡Ø§Ù„Ø© Ø£Ø¹ÙŠØª Ù…Ù† ÙŠØ¯Ø§ÙˆÙŠÙ‡Ø§
 Ù…Ù† ÙŠØ¯Ø§ÙˆÙŠÙ‡Ø§ ÙŠØ§ ÙŠØ§Ø¨Ø§.

ÙˆÙ†Ø±Ø¬Ø¹ Ù„Ù„Ø¨Ø¯Ø§ÙŠØ© Ù†Ø£Ù„Ù Ù…ÙˆÙˆØ§ÙŠÙŠÙ„ 
ÙŠÙ…Ø§ Ù‡Ø§Ø¶ Ø§Ù„Ù„ÙŠÙ„ Ø´ÙƒÙ„Ùˆ Ø·ÙˆÙŠÙ„"	2017-02-10T23:13:30Z	https://soundcloud.com/the-synaptik/7oot-b-masba7-ft-emsallam-prod-al-basha	single-track		https://i1.sndcdn.com/artworks-000207224136-vx24a7-large.jpg	2021-06-15T20:20:50Z	563	track
Ritalin (feat. Mehrak)	482858004	Hip-hop & Rap	"Production:Wikidz
Mix: Osama 'Damar' Abbas
Mix Assisted: Mohammed Al Bittar
Mastering: Mohammed Al Bittar
Label: 927781 Records DK
Release Date: 31st August 2018"	2018-08-08T17:18:52Z	https://soundcloud.com/the-synaptik/06-ritalin-feat-mehrak	single-track		https://i1.sndcdn.com/artworks-000386097702-iqikhu-large.jpg	2021-08-18T13:17:10Z	1	track
Emsallam - Ijramen Anhen (ft. Krist Alzoubi  Al-Wesam) prod. TheArchiducer  Ø¥Ø¬Ø±Ù…Ù† Ø¹Ù†Ù‡Ù†.mp3	423351972			2018-04-01T21:04:42Z	https://soundcloud.com/themotasem/emsallam-ijramen-anhen-ft	single-track		https://i1.sndcdn.com/artworks-000328487613-q2y5vc-large.jpg	2020-07-16T16:12:00Z	0	track
Jenin Sababa (feat. Shi'rap, Psychedelic) [produced, Jay Jay] - Ø¬Ù†ÙŠÙ† ØµØ¨Ø§Ø¨Ø§	480626088	Hip-hop & Rap	"Featuring @she3rap , @jafar-irsheid
Produced, Mixed by @jayjayof5hunna
Special Thanks to Adi Khalifa, Motaz Malhees and The Freedom Theatre
Lyrics :
ÙƒÙ„ Ø§Ù„Ø£Ù…ÙˆØ± ØµØ¨Ø§Ø¨Ø§
Ø³Ù„Ù…Ù„ÙŠ Ø¹Ù„Ù‰ Ø§Ù„ÙˆØ¶Ø¹ Ø§Ù„Ø­Ø§Ù„ÙŠ
Ù…Ù† Ø¬Ù†ÙŠÙ† ÙŠØ§ Ø¨Ø§Ø¨Ø§ Ø¨Ø§
Ø´Ø¹Ø±Ø§Ø¨ Ø³ÙŠÙ† ÙˆØ³Ø§ÙŠÙƒØ§Ø¯ÙŠÙ„Ùƒ

Ø§Ù„Ø³ÙŠÙ†Ø§Ø¨ØªÙŠÙƒ..
Ù‚Ù„Ù…ÙŠ Ø¹Ø§Ù„ÙˆØ±Ù‚Ø© Ø¨Ø²Ù‚
Ø¹Ù„Ù‚ ÙÙŠ Ø¯Ø§Ù†Ùƒ Ø²ÙŠ Ø§Ù„Ø­Ù„Ù‚
Ø±Ù…Ø¶Ø§Ù† Ù†Ø¨Ù„Ùˆ Ù„Ù„Ø±Ù…Ù‚
Ø¨Ù…Ø§ ÙŠØ±Ø¶ÙŠ Ø§Ù„Ù„Ù‡ Ø¹Ø§Ù„ØºØ³Ù‚
Ø§Ù† Ø·Ø±ÙŠÙ‚ÙŠ Ø­Ø§ÙØ±Ùˆ , Ù„Ø­ÙŠØ© Ùˆ Ø¢ÙØ±Ùˆ , Ø§ÙˆØ§Ø¹ÙŠ Ù…Ù† Ø§Ù„Ø¨Ø§Ù„Ø©, Ø¨Ù„ÙˆØ²Ø© Fidel Castro
, Ø¢Ø³ØªØ±Ùˆ ,Boy, Ø¨ÙŠÙ† Ø§Ù„Ù†Ø¬ÙˆÙ… Ø±ÙˆØ¨ÙˆØª
ÙÙ„Ø³Ø·ÙŠÙ† Wonder Woman , Ù…Ø´ Gal Gadot
Ø·ÙŠÙ†ÙŠ Ù…Ù† Ù‡Ø§ÙŠ Ø§Ù„Ø§Ø±Ø¶ , Ø­Ø·ÙŠÙ†ÙŠ Ø¨Ù‡Ø§ÙŠ Ø§Ù„Ø§Ø±Ø¶
Ø§ÙˆÙÙŠ ÙˆØ¹Ø¯ÙŠ Ø¨Ø¥Ù†ÙŠ Ø£Ø¯ÙŠ Ù„Ø¬Ù„Ù‡Ø§ Ù‡Ø§Ø¯ ÙØ±Ø¶
Ø§Ù†Øª Ø¨Ø³ Ù‡Ø§Øª Ø¨ÙŠØªØ§Øª ÙˆØ®ÙˆØ¯ ÙƒØ¨Ø§Ø¨
Ø´ÙˆÙŠ Ø´ÙˆÙŠ Ø¹Ø§Ù„ÙˆØ¶Ø¹ ÙƒØ«ÙŠØ± Ø´ÙˆØ¨ Ø´Ø¨Ø§Ø¨
Ù‡ÙŠ Ø®ÙˆØ¯ Ø¨ÙˆÙ… Ø¨Ø§Ø¨ Ø¨Ø³ Ù…Ø§Ù„Ùˆ Ø§Ù„Ø§ÙˆØªÙˆØªÙˆÙ†ØŸ
ÙƒÙ„ÙƒÙˆ ÙƒØ«ÙŠØ± Ù‚Ø¯Ø§Ù… Ø´Ø§ÙŠÙÙŠÙ†ÙƒÙˆ Ø¹ Ø³Ø¨ÙŠØ³Ø¨ØªÙˆÙ†
ÙÙ„Ø§ ØªØ¨ÙƒÙŠ ÙŠØ§ ØµØºÙŠØ±ÙŠ Ù…Ø§ ÙÙŠ Ø§ÙƒØ³ ÙØ§ÙƒØªÙˆØ±
Ù‡Ø§ÙŠ Ù†Ø³Ø®Ø© ÙÙ„Ø³Ø·ÙŠÙ† Ù…Ù† Inglorious Basterds
Ø§Ù†Ø§ ÙˆÙƒÙ„Ùˆ ØµØ¨Ø§Ø¨Ø§ , Ù…Ù† Ø§Ù„Ù…Ø®ÙŠÙ… , Ø¹Ø±Ø§Ø¨Ø§
Ù‚Ø§Ø¹Ø¯ ÙÙŠ ØµØ§Ù„ÙˆÙ† Ù„Ø¤ÙŠ Ø§Ù„Ù…ÙˆØªÙˆ ÙƒÙˆÙ†Ø§ Ù…Ø§ØªØ§ØªØ§
Ø§Ø­Ù†Ø§ Ø¨Ø³ Ø¨Ù†Ù‚Ø§ÙˆÙ… ÙˆØ¨Ù†Ø¹Ù…Ù„ Ø§Ù„Ø¬Ùˆ
Ø¨Ù†Ø®Ù„ÙŠØ´ Ø§ÙŠ ÙØ±ØµØ© Ø¨ÙƒØ±Ø© Ù†Ø­ÙƒÙŠ ÙÙŠ Ù„Ùˆ

Ø³Ø§ÙŠÙƒØ§Ø¯ÙŠÙ„ÙŠÙƒ..
Ù‡Ù„ ÙØ¹Ù„Ø§Ù‹ Ø§Ø­Ù†Ø§ Ù‡ÙˆÙ† ÙˆÙ†Ø§Ø³ Ù…Ø¤Ø«Ø±ÙŠÙ† Ø¨Ø§Ù„ÙƒÙˆÙ†
Ù…Ø¹Ù‚ÙˆÙ„ Ø§Ø­Ù†Ø§ ÙƒØ²Ø¨Ø© ÙƒØ§Ù„Ø­ÙŠÙ† Ø¨Ø¯ÙˆÙ† Ù„ÙˆÙ†
Ø¹Ù„Ù‰ Ø§Ù„Ø±Ø¨ Ø¨Ù†Ø²Øª Ø§Ù„Ù„ÙˆÙ…ØŒ Ù…Ù‡Ùˆ Ø¨ØºØ²Ø© Ù…ÙØ´ Ù†ÙˆÙ…
Ù‡Ù†Ø§Ùƒ ÙØ´ Ø­ÙŠØ§Ø©ØŒ Ø§Ù„Ù†Ø§Ø³ Ø¨ØªØ±Ù…ÙŠ Ø­Ø§Ù„Ù‡Ø§ Ø¹Ù„Ù‰ Ø§Ù„Ù…ÙˆØª
Ù‡Ù†Ø§Ùƒ ÙØ´ Ø®ÙˆÙØŒ ÙƒÙ„ ÙˆØ§Ø­Ø¯ Ø®Ø³Ø± Ø­Ø§Ù„Ù‡..
Ø¹Ø§ÙŠØ´ Ø­Ø§Ù„Ù‡ Ø§Ù„ÙƒÙ„ Ø¹Ù„ÙŠÙ‡ Ø¹Ø§Ù„Ø©ØŒ Ø¹Ù… Ø¨ØªÙƒØ¨Ø± Ø§Ù„Ù‡Ø§Ù„Ø©
ÙƒÙ„ Ù…Ø§ ÙŠÙ…ÙˆØª Ù†Ø§Ø³ ÙÙŠ Ø±ÙˆØ³ Ø¨ØªÙ‚Ø¨Ø¶ Ø§ÙƒØªØ± 
Ø§Ø³Ù… Ø­Ø±ÙƒØ§Øª Ø¨ØµØ¹Ø¯ØŒ Ù…ØµØ§Ù†Ø¹ Ø³Ù„Ø§Ø­ Ø¨ØªØ¹Ù…Ø± 
Ø§Ù„Ø¨Ù†Øª Ù…Ø¹ Ø­Ø²Ù† Ø¨ØªÙƒØ¨Ø±ØŒ Ø§Ù„Ø¬Ù‡Ù„ Ø¨ÙƒØ¨Ø±
Ø§Ù„Ø¨Ù„Ø¯ Ø¹Ù„ÙŠÙ†Ø§ Ø¨ØªØµØºØ±ØŒ ÙˆØ§Ø­Ù†Ø§ Ø¨Ø³ Ø¨Ù†Ø¬Ø­Ø±
Ø§Ù„ÙŠÙˆÙ… Ø§Ø®Ø¯Ùˆ Ø§Ù„Ù…Ø®Ø§Ø¨Ø±Ø§Øª Ø¨ÙƒØ±Ù‡ Ø¨ÙŠØ®Ø¯ÙˆØ§ Ø§Ù„Ø¬ÙŠØ´
Ù…Ù…ÙƒÙ† ÙŠÙ†Ø·Ø® Ø¨Ø£Ø¬Ø±ÙŠÙ‡
Ù„Ø³Ø§ ØµØ§Ø¨Ø± Ø¹Ù„Ù‰ Ø§Ù„Ø¨ÙŠÙ†
ÙØ¨Ù†ØªÙ„ÙˆØ§ Ø¹Ù„Ù‰ Ù‡ÙŠÙƒ Ø¨ÙŠØª 
Ù‡ÙŠÙƒ Ø¨Ù†Ø³Ù…Ø¹Ùƒ ÙÙŠØª
Ù…Ù† Ø§Ù„Ù…ÙˆØ³ÙŠÙ‚Ù‰ Ù…Ø§ Ø§ÙƒØªÙÙŠØª
Ø®Ø´Ø¹Øª ØºÙ†ÙŠØª 
Ù…Ø§ Ù…Ù„ÙŠØª Ø¯ÙØ§ØªØ± Ù…Ù„ÙŠØª
Ø±Ø§Ù‡Ø¨ Ù…ØªÙˆØ­Ø´ Ø¨Ø§Ù„Ø¨ÙŠØª
Ù…ØªÙˆØ­Ø´ Ø¹Ù„Ù‰ Ø§Ù„Ø¨ÙŠØª
Ø¨Ù†ÙØ¬Ø± ÙÙŠÙ‡ Ø¯ÙŠÙ†Ø§Ù…ÙŠØª..

Ø´Ø¹Ø±Ø§Ø¨..
ÙŠØ§ ØµØ§Ø­Ø¨ÙŠ Ø§Ù„Ø³Ø¬Ù†
Ø£Ù†Ø§ Ù…Ø¹Ø¯Ù…ÙŒ ÙÙŠ Ø§Ù„Ø¹ÙŠØ´ 
ÙˆÙ…Ù‚Ø·Ø¹Ù Ø§Ù„Ø£Ù†ÙØ§Ø³Ù Ø®Ù„ÙÙ Ø­Ø§Ø¬Ø²Ù Ù„Ù„Ø¬ÙŠØ´
ÙˆÙ†Ø²Ù‡ØªÙŠ ÙÙŠ Ø§Ù„Ù…Ù‚Ù‡Ù‰ Ø®Ù„Ù ÙƒØ±ØªÙ Ø§Ù„Ø­Ø¸Ù
Ø£Ùˆ Ù…Ø¹ ØµØ§Ø­Ø¨Ù ÙˆÙ…Ø¹Ø´Ø±Ù
ÙŠØ¹ÙˆØ¯ÙÙ†ÙŠ Ø¨Ø§Ù„Ø®ÙŠØ±..
ÙŠØ§ ØµØ§Ø­Ø¨ÙŠ Ø§Ù„Ø³Ø¬Ù†
Ø®Ø´ÙŠØ©Ù Ø§Ù„Ø£Ù…Ù„Ø§Ù‚Ù Ø£Ø­ÙŠØ§
Ø£Ù„ØµÙ‚Ù Ø§Ù„Ù†Ø¹Ù„Ù ÙˆØ§Ù„Ù†Ø¹Ù„Ù Ø¨Ø¹Ø¯ Ø§Ù„Ø±Ù‚Ø¹Ù ÙŠØ¨Ù„Ù‰ 
ÙŠØ§ ØµØ§Ø­Ø¨ÙŠ Ø§Ù„Ø³Ø¬Ù†
Ø¹Ù„Ø§Ù…Ø§ ØªØ­Ø³Ø¯Ø§Ù†ÙŠ Ø¹Ù„Ù‰ Ø§Ù†Ù‚Ø¶Ø§Ø¡Ù Ø§Ù„Ø¯ÙŠÙ†ØŸ!
Ø¹Ù„Ù‰ ØµÙØ±Ù Ø§Ù„ÙŠØ¯ÙŠÙ†ØŸ!
Ø£Ø±Ø¨Ø§Ø¨ÙŒ ÙŠØ³Ù‚Ø¹ÙˆÙ†Ù†Ø§ Ø¨Ø§Ù„ÙƒÙ
ÙŠØ°Ø¨ÙˆÙ†Ù†Ø§ Ø¹Ù† Ø®Ø¨Ø²Ù‡Ù…
Ø°Ø¨Ø§Ø¨ÙŒ Ù‡Ù
Ø£Ø¹ÙŠØªÙƒÙ…Ù Ø§Ù„Ø£Ø®Ø¨Ø§Ø±Ù 
Ù„Ø§ Ø²Ù„Ù†Ø§ ÙÙŠ Ø¬Ø­ÙŠÙ…Ù Ø§Ù„Ù†Ø§Ø±Ù ÙŠÙ‚ØµÙ†Ø§ Ø§Ù„Ù…Ù†Ø´Ø§Ø±Ù
ÙˆØ§Ù„Ù‚Ø§Ø¦Ù…Ù Ø¨Ø£Ù…Ø±Ù†Ø§ 
Ù…Ø³ØªØ£Ø³Ø¯ÙŒ ÙˆØ­Ù…Ø§Ø±Ù 
ÙˆÙÙŠ ÙØ³Ø§Ø¯Ù Ø¯Ù‡Ø±Ù†Ø§ 
Ù‡Ù„ ÙŠØµÙ„Ø­Ù Ø§Ù„Ø¹Ø·Ø§Ø±Ù
Ù„Ù† ÙŠØµÙ„Ø­Ù Ø§Ù„Ø¹Ø·Ø§Ø±Ù!"	2018-08-03T13:50:15Z	https://soundcloud.com/the-synaptik/jenin-sababa-feat-shirap-psychedelic-produced-jay-jay	single-track		https://i1.sndcdn.com/artworks-000383565471-urbpvw-large.jpg	2021-03-24T19:30:40Z	0	track
Dari (feat. El Far3i)	455207550	Hip-hop & Rap	"Produced by @damar
Mastered By Al Bittar
Featuring @el-far3i 
#OM_AL_MAWJAT
Ø§Ù„Ù„ÙŠØ±ÙƒØ³ :
ÙƒÙ„ ÙŠÙˆÙ… Ø¨ÙŠÙ…Ø´ÙŠ ,Ù‡ÙƒØ°Ø§ , ÙˆØ§Ù†Ø§ Ø¯Ø§Ø±ÙŠ Ø¯Ø§Ø±ÙŠ
Ø·Ù…Ù† Ø¨Ù‚Ù„ÙˆØ¨ Ø§Ù„Ø¹Ø§Ù„Ù…Ø§ , ÙˆØ§Ù†Ø§ Ø¯Ø§Ø±ÙŠ Ø¯Ø§Ø±ÙŠ
Ø§Ø³Ø£Ù„Ù†ÙŠ Ø¹Ù†ÙŠ , Ø­Ø§Ù„ÙŠ Ø§Ù†Ø§ , Ø§Ø°Ø§ Ø¯Ø§Ø±ÙŠ Ø¯Ø§Ø±ÙŠ
ÙˆÙ„ÙˆÙ‚ØªÙ‡Ø§ ,

,ÙˆÙŠØ§ Ø³ÙŠØ¯Ù†Ø§ , Ù…Ù† Ø¯ÙˆÙ† Ø§Ù„ÙˆØ§Ù† , Ø§Ø­Ù†Ø§ Ø¯ÙˆÙ† Ø§Ù„ÙˆÙ†
Ù†Ø§Ø³ÙŠÙŠÙ†Ø§ , Ù…Ù† Ø¯ÙˆÙ† Ø¹Ù†ÙˆØ§Ù† , Ù…Ù† Ø¯ÙˆÙ† Ø¹Ù†ÙˆØ§Ù†
Ù„Ø§Ù‚ÙŠÙ†Ø§ ,Ø¬ÙˆØ§ Ø¨Ø·Ù† Ø§Ù„Ø­ÙˆØª , ÙƒÙ†Ùˆ ÙŠÙˆÙ†Ø³ Ù‡Ø§Ù†

Ø¨ÙƒÙ„ ØºØ±ÙØ© Ø§Ù†Ø§ Ø§Ù„ÙÙŠÙ„ , ÙŠØ§ Ø¹Ù…
ÙŠÙˆ Ø¯ÙˆÙ†Øª Ù†Ùˆ Ù‡Ø§Ùˆ Ø§ÙŠ ÙÙŠÙ„ , ÙŠØ§ Ø¹Ù…
Ù„Ù„Ø¬Ù…Ø§ÙŠÙ„ Ù„Ø§ Ø¨Ø¯ÙŠÙ„ , ÙŠØ§ Ø¹Ù…
Ø§Ø¨ØµÙ… Ø§Ø¨ØµÙ… , Ø¶Ù„Ùƒ Ù‚ÙˆÙ„ Ù†Ø¹Ù…

Ù†ÙØ³ÙŠ Ø§Ø´Ù„Ù ÙˆØ§Ø¹ÙŠØ´ Ø¨Ø±Ù… 
Ù…Ø´ Ù‚ÙˆÙŠ , Ø§Ù†Øª Ø®Ù„ÙŠÙƒ Ø¥Ø±Ù…
Ø§Ù„ÙˆØ¶Ø¹ , ØµÙˆØ§Ø±ÙŠØ® Ø§ÙŠØ±Ø§Ù†
Ù…Ø­Ø·ÙˆØ·ÙŠÙ† , Ø¨ÙŠÙ† ÙƒØ«ÙŠØ± Ù†ÙŠØ±Ø§Ù†

Ù…Ø§ Ø§Ø®Ø¯Øª Ù…Ù† Ø§Ù„Ø±Ø§Ø¨ Ø´ÙŠØ¡
ØºÙŠØ± Ø§Ù†ÙŠ Ø§Ù‚Ø¯Ø± Ø§Ø¶Ù„ Ù…Ø§Ø´ÙŠ
Ø¨Ù†ØªÙ‚Ø¯ÙˆÙ†ÙŠ ÙˆØ¨Ø­ÙƒÙŠ Ù…Ø§Ø´ÙŠ 
ÙˆØ¨Ø§Ù„Ø§Ø®Ø± Ø¨Ù…Ø´ÙŠ Ø§Ù„Ø¨Ø±Ø§Ø³ÙŠ
Ø§Ù„Ø´ØºÙ„Ø© Ø´Ø®ØµÙŠØ© Ø¹Ø§Ù„Ø§Ø®Ø±
Ø¨Ø³ Ø´ÙƒØ±Ø§ , Ù„ÙƒÙ„ Ù…ÙŠÙ† Ø¨Ø´Ø§Ø±Ùƒ
ÙˆØ§Ø³Ù Ø§Ø±Ø§Ø¦ÙƒÙ… Ù‡Ø§Ù† ØªØ§Ø±Ùƒ 
irrelevent Ù„Ù„Ù…Ø¹Ø§Ø±Ùƒ



ÙƒÙ„ ÙŠÙˆÙ… Ø¨ÙŠÙ…Ø´ÙŠ ,Ù‡ÙƒØ°Ø§ , ÙˆØ§Ù†Ø§ Ø¯Ø§Ø±ÙŠ Ø¯Ø§Ø±ÙŠ
Ø·Ù…Ù† Ø¨Ù‚Ù„ÙˆØ¨ Ø§Ù„Ø¹Ø§Ù„Ù…Ø§ , ÙˆØ§Ù†Ø§ Ø¯Ø§Ø±ÙŠ Ø¯Ø§Ø±ÙŠ
Ø§Ø³Ø£Ù„Ù†ÙŠ Ø¹Ù†ÙŠ , Ø­Ø§Ù„ÙŠ Ø§Ù†Ø§ , Ø§Ø°Ø§ Ø¯Ø§Ø±ÙŠ Ø¯Ø§Ø±ÙŠ
ÙˆÙ„ÙˆÙ‚ØªÙ‡Ø§ ,

,ÙˆÙŠØ§ Ø³ÙŠØ¯Ù†Ø§ , Ù…Ù† Ø¯ÙˆÙ† Ø§Ù„ÙˆØ§Ù† , Ø§Ø­Ù†Ø§ Ø¯ÙˆÙ† Ø§Ù„ÙˆÙ†
Ù†Ø§Ø³ÙŠÙŠÙ†Ø§ , Ù…Ù† Ø¯ÙˆÙ† Ø¹Ù†ÙˆØ§Ù† , Ù…Ù† Ø¯ÙˆÙ† Ø¹Ù†ÙˆØ§Ù†
Ù„Ø§Ù‚ÙŠÙ†Ø§ ,Ø¬ÙˆØ§ Ø¨Ø·Ù† Ø§Ù„Ø­ÙˆØª , ÙƒÙ†Ùˆ ÙŠÙˆÙ†Ø³ Ù‡Ø§Ù†

Ø´ÙˆÙŠ Ø­Ø¨Ø© ÙˆØ¨Ø®Ø³Ø± ØµÙÙŠ
ÙˆÙ…Ø´ Ø¹Ø§Ø±Ù Ø§ÙŠØ´ Ø¨ØµÙÙŠ 
Ø¨Ù†Ø®Ø§Ù Ù…Ù† ÙƒÙ„ Ø±Ø¬Ø©
Ø¹Ø¨ÙŠÙ† Ù…Ø§ Ù†Ø±Ø³ÙŠÙ„Ù†Ø§ Ø¹Ø¶ÙØ©

Ù‡Ù„ Ø§Ù„ØªØ¹Ø¨ Ù‡Ø§Ù† Ù…Ø¬Ø¯ÙŠ 
Ø­Ø¨Ù„ÙŠ ÙÙŠÙŠ Ù…ÙŠØª Ø¹Ù‚Ø¯Ø© 
Ø²ÙŠ Ø¨Ø¹Ø¯ Ø§Ù„Ø­Ø±Ø¨ Ø¬Ù†Ø¯ÙŠ
Ù…Ø´ Ø¶Ø§ÙŠÙ„ Ø­Ø¯Ø§ Ø¹Ù†Ø¯ÙŠ

Ù„ÙˆØ­Ø¯Ùƒ Ù‡Ø§Ù† , Ø¨ØªØ®Ø³Ø± Ø´ÙŠØ¡ 
Ø§ÙˆØ¹Ùƒ ÙŠÙˆÙ… ØªØµØ¯Ù‚ ØºÙŠØ± Ø´ÙŠØ¡
ÙˆÙŠÙ† Ø¨Ù†Ø±ÙˆØ­ , Ù„Ù…Ø§ ÙŠØ±ÙˆØ­ Ø§Ù„Ù„ÙŠÙ„ 
Ù„Ù…Ø§ ÙŠØ±ÙˆØ­ Ø§Ù„Ø­ÙŠÙ„ , Ù…ÙŠÙ† Ø¨Ø´ÙŠÙ„ Ø§Ù„ÙˆÙŠÙ„
Ø´Ø§Ø±Ø¯ Ù…Ù† Ø§Ù„Ø­ÙŠØ§Ø©
Ø¹Ù…Ø±ÙŠ Ù…Ø§ Ø­Ù„Ø§Ù‚ÙŠ ÙÙŠÙ‡
Ø§ÙŠ Ø§Ù…Ù„ Ù„Ù„Ø¨Ù‚Ø§Ø¡
Ø¹Ù…Ø±ÙŠ Ù…Ø§ Ø­Ù†Ø§Ø¯ÙŠ Ù„ÙŠÙ‡
Ø¹Ù…Ø±ÙŠ Ù…Ø§ Ø­Ø¯Ø§Ø±ÙŠ ÙÙŠ 
Ø§Ù„ÙˆØ¶Ø¹ Ø§Ù„Ø­Ø¶Ø§Ø±ÙŠ ÙÙŠ
Ø±Ø§Ø³ÙŠ Ø¶Ø§Ø±ÙŠ , Ø¨Ø§Ù„Ø­Ø±ÙŠÙ‚
ÙˆØ¶Ù„Ù†ÙŠ Ù„Ø§Ù„ÙŠ Ù„Ø§Ù„ÙŠ Ù„ÙŠÙ‡

ÙƒÙ„ ÙŠÙˆÙ… Ø¨ÙŠÙ…Ø´ÙŠ ,Ù‡ÙƒØ°Ø§ , ÙˆØ§Ù†Ø§ Ø¯Ø§Ø±ÙŠ Ø¯Ø§Ø±ÙŠ
Ø·Ù…Ù† Ø¨Ù‚Ù„ÙˆØ¨ Ø§Ù„Ø¹Ø§Ù„Ù…Ø§ , ÙˆØ§Ù†Ø§ Ø¯Ø§Ø±ÙŠ Ø¯Ø§Ø±ÙŠ
Ø§Ø³Ø£Ù„Ù†ÙŠ Ø¹Ù†ÙŠ , Ø­Ø§Ù„ÙŠ Ø§Ù†Ø§ , Ø§Ø°Ø§ Ø¯Ø§Ø±ÙŠ Ø¯Ø§Ø±ÙŠ
ÙˆÙ„ÙˆÙ‚ØªÙ‡Ø§ ,

,ÙˆÙŠØ§ Ø³ÙŠØ¯Ù†Ø§ , Ù…Ù† Ø¯ÙˆÙ† Ø§Ù„ÙˆØ§Ù† , Ø§Ø­Ù†Ø§ Ø¯ÙˆÙ† Ø§Ù„ÙˆÙ†
Ù†Ø§Ø³ÙŠÙŠÙ†Ø§ , Ù…Ù† Ø¯ÙˆÙ† Ø¹Ù†ÙˆØ§Ù† , Ù…Ù† Ø¯ÙˆÙ† Ø¹Ù†ÙˆØ§Ù†
Ù„Ø§Ù‚ÙŠÙ†Ø§ ,Ø¬ÙˆØ§ Ø¨Ø·Ù† Ø§Ù„Ø­ÙˆØª , ÙƒÙ†Ùˆ ÙŠÙˆÙ†Ø³ Ù‡Ø§Ù†

Ø¶ÙˆØ§Ùˆ ÙƒØ«ÙŠØ± Ø§Ù„Ø®Ø´Ø¨Ø© ØºØ¯Ø§Ø±Ø©
Ø·Ù„Ø¹Øª Ø§Ø¬ÙŠØ¨ Ø§Ù„Ø¹Ø´Ø¨Ø© Ù„Ù„Ø­Ø§Ø±Ø©
Ù…Ø­Ù„ÙŠ Ø·Ù„Ø¹ØªÙŠ Ø¨Ø³ÙˆÙ‚ Ø¬Ø§Ø±Ø©
Ø´Ø¨Ø§Ø¨ Ø²ÙŠ Ø§Ù„ÙˆØ±Ø¯ ÙˆØ§Ù„Ù„Ù‡ Ù†ÙˆØ§Ø±Ø©
ÙƒÙ„Ù‡Ø§ ÙƒÙ„Ù‡Ø§ Ø±Ø§Ø­Øª Ù‚Ø¨Ù„ Ù…Ø§ ØªØ§ÙƒÙ„Ù‡Ø§
ÙƒÙ„Ù‡Ø§ ÙƒÙ„Ù‡Ø§ Ø¹Ø§Ø±ÙØ© Ù‚Ø¨Ù„ Ù…Ø§ ØªÙ‚Ù„Ù‡Ø§
ØªØ³ØªÙ†ÙˆØ´ ÙˆÙ„Ø§ Ø­Ø¯Ø§ ÙŠØ¬ÙŠ ÙŠÙ‚Ù„ÙƒÙ„Ù… Ø´Ùˆ ØªØ³ÙˆÙˆ ÙˆØ´Ùˆ ØªØ³ÙˆÙˆØ´
Ø§Ù†ØªÙˆ Ø¨ØªÙ‡ØªÙ…ÙˆØ´ , Ø¨ØªØ¶ÙˆÙˆ ÙˆØ¨ØªØ¶ÙˆÙˆØ´ 
Ø¨ØªÙ„Ù…Ùˆ Ù‚Ø±ÙˆØ´ Ø¨ØªØ·ÙÙˆ Ø¬Ù…Ø§Ø¹ØªÙŠ Ø¨Ø¬ÙˆØ´
Ø¨Ù†ÙÙŠØ¶ ØºÙŠØ¸ Ø§Ù†Ø§ Ù…ÙˆØ¬ÙˆØ¹ Ù„ÙŠØ´ Ø¨Ù†ÙÙŠÙ‚ Ù‡ÙŠÙƒ
Ø­ÙÙ„Ø© Ø´Ø¨Ø§Ø¨ Ù„ÙŠÙ‡ Ù…ÙÙŠØ´ ÙƒÙŠÙƒ
Ø¨ÙˆÙ„ÙŠØ³ Ø¹Ø§Ù„Ø¨Ø§Ø¨ Ù„ÙŠÙ‡ Ù…ÙÙŠØ´ Ø¯Ø±ÙŠÙƒ
Ù…Ø´ Ù‚ØµØ¯ÙŠ ÙŠØ¹Ù†ÙŠ ÙÙŠ Ø­Ø¯Ø§ Ø§Ù‡Ù… Ù…Ù† Ø­Ø¯Ø§ Ù…Ø§Ù„Ù†Ø§Ø´ Ø­Ø¯Ø§Ø¦Ù‚ Ù†Ù„Ø¹Ø¨ ÙÙŠÙ‡Ø§ Ø¹Ù„Ù‰ Ø§Ù„ÙØ¶Ø§
Ø¨Ø³ÙƒØ±Ùˆ Ø§Ù„Ù…Ø³Ø§Ø±Ø­ Ø¹Ø´Ø§Ù† Ù…Ø§ ÙŠÙƒÙˆÙ† Ø§Ù„Ù†Ø§ Ø§Ù„ØµØ¯Ù‰
ÙˆØ¨Ø¯Ù‡Ù… Ø§ÙŠØ§Ù†Ø§ Ù†ÙÙ‡Ù… Ø³ÙˆØ±Ø© Ø§Ù„ØªÙˆØ¨Ø© Ø¹Ø§Ù„Ù‡Ø¯Ù‰

ÙƒÙ„ ÙŠÙˆÙ… Ø¨ÙŠÙ…Ø´ÙŠ ,Ù‡ÙƒØ°Ø§ , ÙˆØ§Ù†Ø§ Ø¯Ø§Ø±ÙŠ Ø¯Ø§Ø±ÙŠ
Ø·Ù…Ù† Ø¨Ù‚Ù„ÙˆØ¨ Ø§Ù„Ø¹Ø§Ù„Ù…Ø§ , ÙˆØ§Ù†Ø§ Ø¯Ø§Ø±ÙŠ Ø¯Ø§Ø±ÙŠ
Ø§Ø³Ø£Ù„Ù†ÙŠ Ø¹Ù†ÙŠ , Ø­Ø§Ù„ÙŠ Ø§Ù†Ø§ , Ø§Ø°Ø§ Ø¯Ø§Ø±ÙŠ Ø¯Ø§Ø±ÙŠ
ÙˆÙ„ÙˆÙ‚ØªÙ‡Ø§ ,

,ÙˆÙŠØ§ Ø³ÙŠØ¯Ù†Ø§ , Ù…Ù† Ø¯ÙˆÙ† Ø§Ù„ÙˆØ§Ù† , Ø§Ø­Ù†Ø§ Ø¯ÙˆÙ† Ø§Ù„ÙˆÙ†
Ù†Ø§Ø³ÙŠÙŠÙ†Ø§ , Ù…Ù† Ø¯ÙˆÙ† Ø¹Ù†ÙˆØ§Ù† , Ù…Ù† Ø¯ÙˆÙ† Ø¹Ù†ÙˆØ§Ù†
Ù„Ø§Ù‚ÙŠÙ†Ø§ ,Ø¬ÙˆØ§ Ø¨Ø·Ù† Ø§Ù„Ø­ÙˆØª , ÙƒÙ†Ùˆ ÙŠÙˆÙ†Ø³ Ù‡Ø§Ù†

ÙˆØ¶Ù„Ù†ÙŠ Ø¯Ø§Ø±ÙŠ Ø¯Ø§Ø±ÙŠ Ø¯Ø§Ø±ÙŠ Ø¯Ø§Ø±ÙŠ Ø¯Ø§Ø±ÙŠ Ø±ÙŠÙ‡
ÙˆØ¶Ù„Ù†ÙŠ Ø¯Ø§Ø±ÙŠ Ø¯Ø§Ø±ÙŠ Ø¯Ø§Ø±ÙŠ Ø¯Ø§Ø±ÙŠ Ø¯Ø§Ø±ÙŠ Ø¯Ø§Ø±ÙŠ Ø±ÙŠ Ø±ÙŠ Ø±ÙŠ"	2018-06-07T18:12:54Z	https://soundcloud.com/the-synaptik/dariftalfar3iproddamar	single-track		https://i1.sndcdn.com/artworks-CaxjcU9IFJB4HyGC-uIOfmw-large.jpg	2021-08-22T14:24:17Z	1	track
Om Al Mawjat	482858046	Hip-hop & Rap	"Production: Wikidz
Mix: Osama 'Damar' Abbas
Mix Assisted: Mohammed Al Bittar
Mastering: Mohammed Al Bittar
Label: 927781 Records DK
Release Date: 31st August 2018"	2018-08-08T17:18:59Z	https://soundcloud.com/the-synaptik/04-om-al-mawjat	single-track		https://i1.sndcdn.com/artworks-000386097726-p8vvm1-large.jpg	2021-09-15T12:11:58Z	1	track
Kawakeb (feat. El Rass)	482858070	Hip-hop & Rap	"Production: Osama 'Damar' Abbas
Mix: Osama 'Damar' Abbas
Mix Assisted: Mohammed Al Bittar
Mastering: Mohammed Al Bittar
Label: 927781 Records DK
Release Date: 31st August 2018"	2018-08-08T17:19:04Z	https://soundcloud.com/the-synaptik/03-kawakeb-feat-el-rass	single-track		https://i1.sndcdn.com/artworks-000386097747-bnohp6-large.jpg	2021-06-14T15:41:53Z	1	track
ÙˆÙ†Ø¹ÙŠØ¯ ÙˆÙ†Ø¹ÙŠØ¯ ÙˆÙ†Ø¹ÙŠØ¯ - Ù…Ø´Ø±ÙˆØ¹ Ù„ÙŠÙ„Ù‰	105675866	Band	"ÙˆÙ†Ø¹ÙŠØ¯ ÙˆÙ†Ø¹ÙŠØ¯ ÙˆÙ†Ø¹ÙŠØ¯

ÙÙŠÙ†Ø§ Ù†Ù†Ø·Ø± Ø§Ù„ÙØ¬Ø± Ù„Ù†Ø®Ù„Øµ Ø¹Ø¯ Ø§Ù„Ù†Ø¬ÙˆÙ…
ÙˆÙ†Ø¹ÙŠØ¯ ÙˆÙ†Ø¹ÙŠØ¯ ÙˆÙ†Ø¹ÙŠØ¯
ÙÙŠÙ†Ø§ Ù†Ø­Ù…Ù„ Ø§Ù„ØµØ®Ø± ÙÙˆÙ‚ Ø§Ù„Ø¬Ø¨Ù„ ÙˆÙ†Ø±Ù…ÙŠÙ‡
ÙˆÙ†Ø¹ÙŠØ¯ ÙˆÙ†Ø¹ÙŠØ¯ ÙˆÙ†Ø¹ÙŠØ¯
ÙÙŠÙ†Ø§ Ù†ÙØªØ­ Ø¹ÙŠÙ†ÙŠÙ†Ø§ Ù„Ù…Ø§ ÙŠØ±Ù…ÙˆØ§ ÙÙŠÙ‡Ø§ ØªØ±Ø§Ø¨
Ù‚Ù„ Ù„Ù‡Ù… Ù„Ø³Ø§ Ø´Ø§ÙŠÙÙŠÙ†
ÙÙŠÙ†Ø§ Ù†Ø±ÙØ¶ Ù†Ø£ÙƒÙ„ Ø¨Ø¹Ø¶ ÙˆÙ„Ùˆ Ø§Ù„Ù†Ø§Ø³ Ø´Ø§ÙØª Ø¹Ø¸Ø§Ù…Ù†Ø§
Ù‚Ù„ Ù„Ù‡Ù… Ù…Ø´ Ø¬ÙŠØ¹Ø§Ù†ÙŠÙ†

ÙÙŠÙ†Ø§ Ù†Ø²Ø¹Ø²Ø¹ Ù„ÙŠÙ†Ù‡Ø§Ø± Ø§Ù„Ù‚ÙØµ ÙŠÙ„Ù„ÙŠ ØµØ±Ù†Ø§Ù‡
Ù‚Ù„ Ù„ÙŠ Ù…Ù† Ø´Ùˆ Ø®Ø§ÙŠÙÙŠÙ†
ÙÙŠÙ†Ø§ Ù†Ù‚Ø§ÙˆÙ… Ù„ÙŠÙ‡Ù„Ùƒ Ø§Ù„Ø®ÙŠØ§Ù„ Ø§Ù„Ù„ÙŠ Ø­Ø§Ø±Ø¨Ù†Ø§Ù‡
Ù‚Ù„ Ù„Ù‡Ù… Ù„Ø³Ø§ ØµØ§Ù…Ø¯ÙŠÙ†
ÙÙŠÙ†Ø§ Ù†Ø­Ù„Ù‚ ÙÙŠÙ†Ø§ Ù†Ø·ÙŠØ± Ù„Ù…Ø§ Ù†Ø±Ø¶Ù‰ Ø¨Ø§Ù„Ø²Ø­Ù
Ø¥Ø°Ø§ Ù…Ù†Ø­Ù…Ù„ Ø§Ù„Ø´ØªÙŠ Ø§Ù„Ù…ØµÙŠØ± ÙŠØ¬ÙŠ Ø§Ù„Ø±Ø¨ÙŠØ¹
Ù‚Ù„ Ù„Ù‡Ù… Ù„Ø³Ø§ ÙˆØ§Ù‚ÙÙŠÙ†

Ù‚Ù„ Ù„Ù‡Ù… Ù„Ø³Ø§ ÙˆØ§Ù‚ÙÙŠÙ†. Ù‚Ù„ Ù„Ù‡Ù… Ù„Ø³Ø§ ØµØ§Ù…Ø¯ÙŠÙ†
Ù‚Ù„ Ù„Ù‡Ù… Ù„Ø³Ø§ Ø´Ø§ÙŠÙÙŠÙ†. Ù‚Ù„ Ù„Ù‡Ù… Ù…Ø´ Ø¬ÙŠØ¹Ø§Ù†ÙŠÙ†
Ù‚Ù„ Ù„Ù‡Ù… Ù„Ø³Ø§ ØµØ§Ù…Ø¯ÙŠÙ† Ù‚Ù„ Ù„Ù‡Ù… Ù…Ø´ Ø¬ÙŠØ¹Ø§Ù†ÙŠÙ†"	2013-08-16T07:55:47Z	https://soundcloud.com/evan-rasputin/w-n3ed-w-n3ed-w-n3ed	single-track		https://i1.sndcdn.com/artworks-000055470561-da8l82-large.jpg	2021-10-08T22:16:57Z	100	track
Ù…Ø´Ø±ÙˆØ¹ Ù„ÙŠÙ„ÙŠ | ÙØ³Ø§ØªÙŠÙ† | Ø§ØªØ°ÙƒØ±ÙŠ Ù„Ù…Ø§ Ù‚Ù„ØªÙŠÙ„ÙŠ	105292588	ÙØ³Ø§ØªÙŠÙ†	"Ø§ØªØ°ÙƒØ±ÙŠ Ù„Ù…Ø§ Ù‚Ù„ØªÙŠÙ„ÙŠ Ø¥Ù†Ùƒ Ø±Ø­ ØªØªØ²ÙˆØ¬ÙŠÙ†ÙŠ Ø¨Ù„Ø§ ÙÙ„ÙˆØ³ Ùˆ Ø¨Ù„Ø§ Ø¨ÙŠØª â€¦. Ø¨ØªØªØ°ÙƒØ±ÙŠ ÙƒÙ†ØªÙŠ ØªØ­Ø¨ÙŠÙ†ÙŠ Ù…Ø¹ Ø§Ù†ÙŠ Ù…Ø´ Ø¯Ø§Ø®Ù„ Ø¯ÙŠÙ†Ùƒ ØªØ²ÙƒØ±ÙŠ ÙƒÙŠÙ ÙƒÙ†Ø§ Ù‡ÙŠÙƒ â€¦. Ø¨ØªØªØ°ÙƒØ±ÙŠ Ù„Ù…Ø§ Ø¥Ù…Ùƒ Ø´Ø§ÙØªÙ†ÙŠ Ù†Ø§ÙŠÙ… Ø¨ØªØ®ØªÙƒ Ù‚Ø§Ù„ØªÙ„ÙŠ Ø¥Ù†Ø³Ù‰ Ø¹Ù†Ùƒ â€¦. ÙˆØ§ØªÙÙ‚Ù†Ø§ Ù†Ø¶Ù„Ù†Ø§ Ù‡ÙŠÙƒ Ø¨Ù„Ø§ Ø£Ø¯ÙˆØ§Ø± ÙˆØ·Ù†Ø·Ù†Ø§Øª Ø¨Ù„Ø§ ÙƒØ±Ø§ÙØ§Øª ÙˆØµØ¨Ø­ÙŠØ§Øª â€¦.. Ø¨Ù„Ø§ Ù…Ù„Ø§ÙŠÙŠÙ† Ø¨Ù„Ø§ ÙØ³Ø§ØªÙŠÙ†
Ù…Ø³ÙƒØªÙŠÙ„ÙŠ Ø§ÙŠØ¯ÙŠ ÙˆÙˆØ¹Ø¯ØªÙŠÙ†ÙŠ Ø¨Ø´ÙŠ Ø«ÙˆØ±Ø© ÙƒÙŠÙ Ù†Ø³ÙŠØªÙŠ ÙƒÙŠÙ Ù†Ø³ÙŠØªÙŠÙ†ÙŠ â€¦. ÙˆÙ…Ø´Ø·ØªÙŠÙ„ÙŠ Ø´Ø¹Ø±ÙŠ ÙˆØ¨Ø¹ØªØªÙŠÙ†ÙŠ Ø¹Ø§Ù„Ø¯ÙˆØ§Ù… ÙƒÙŠÙ Ø¨ØªÙ…Ø´Ø·ÙŠ Ù…Ø´Ø·ÙŠÙ†ÙŠ â€¦. Ù…Ø³ÙƒØªÙŠÙ„ÙŠ Ø§ÙŠØ¯ÙŠ ÙˆÙˆØ¹Ø¯ØªÙŠÙ†ÙŠ Ø¨Ø´ÙŠ Ø«ÙˆØ±Ø© ÙƒÙŠÙ Ù†Ø³ÙŠØªÙŠ ÙƒÙŠÙ Ù†Ø³ÙŠØªÙŠÙ†ÙŠ
Ø¨ØªØªØ°ÙƒØ±ÙŠ Ù„Ù…Ø§ Ù‚Ù„ØªÙŠÙ†ÙŠ Ø¥Ù†Ùƒ Ù†Ø§ÙˆÙŠØ§ ØªØªØ±ÙƒÙŠÙ†ÙŠ Ø¨Ù„Ø§ ÙÙ„ÙˆØ³ Ø¨Ù„Ø§ Ø¨ÙŠØª"	2013-08-13T20:43:06Z	https://soundcloud.com/mena-fakhry-a-ghally/f9nlpx900lke	single-track		https://i1.sndcdn.com/artworks-000055234111-ti3st5-large.jpg	2021-10-20T12:50:11Z	100	track
Mashrou' Leila - 3 Minutes  -  Ù…Ø´Ø±ÙˆØ¹ Ù„ÙŠÙ„Ù‰ - Ù£ Ø¯Ù‚Ø§Ø¦Ù‚	196393733	new	"
ÙÙŠÙŠ Ø¥ØªØ®Ø¨Ù‰ Ø¨Ø¬Ù„Ø¯ÙƒØŒ ÙÙŠÙŠ Ø§Ù„Ø¨Ø³ ÙƒÙ„ ÙˆØ¬ÙˆÙ‡Ùƒ. Ù‡ÙˆÙ„. 
ÙÙŠÙŠ Ø¥ØªØ®Ø¨Ù‰ Ø¨Ø®Ø²Ø§Ù†ØªÙƒØŒ ÙÙŠÙŠ Ø§Ù„Ø¨Ø³ ÙƒÙ„ Ø¨Ø¯Ù„Ø§ØªÙƒ. Ø¨Ø³ Ù‚ÙˆÙ„. 
ÙÙŠÙŠ ÙƒÙˆÙ†Ùƒ Ø¥Ø°Ø§ Ø¨Ø¯ÙƒØŒ ÙÙŠÙŠ ØºÙ†ÙŠ ÙƒÙ„ ÙƒÙ„Ù…Ø§ØªÙƒ. Ù‡ÙˆÙ„. 
ÙÙŠÙŠ Ù…Ø«Ù‘Ù„ Ù„Ùƒ Ø­ÙŠØ§ØªÙƒØŒ Ù„Ù…Ø§ ØªØ³Ù…Ø¹Ù†ÙŠ Ø¨Ù…Ø±Ø§ÙŠØªÙƒ Ø¹Ù… Ù‚ÙˆÙ„: 

Ø¨Ø³ Ù‚ÙˆÙ„ Ù„ÙŠ Ù…ÙŠÙ† Ø¨Ø¯ÙŠ ÙƒÙˆÙ† Ø¹Ù„Ø´Ø§Ù† Ø§Ø±Ø¶ÙŠÙƒ
Ø§Ø¹Ø·ÙŠÙ†ÙŠ 3 Ø¯Ù‚Ø§Ø¦Ù‚ - Ø¯Ø§Ø±ÙŠÙ†ÙŠ Ø¨Ù€ 3 Ø¯Ù‚Ø§Ø¦Ù‚ 
Ø¨Ø³ Ù‚ÙˆÙ„ Ù„ÙŠ Ù…ÙŠÙ† Ø¨Ø¯ÙŠ ÙƒÙˆÙ† Ø¹Ù„Ø´Ø§Ù† Ø§Ø±Ø¶ÙŠÙƒ
Ø¥ØªØ±ÙƒÙ„ÙŠ Ù…Ù‡Ø±ÙŠ Ø¹Ù„Ø·Ø§ÙˆÙ„Ù‡ - Ø´Ùƒ Ø­Ù„Ù…Ùƒ Ø¨Ø®Ù„Ø®Ø§Ù„ÙŠ

ÙÙŠÙŠ Ø£ÙˆÙ‚Ù Ø¥Ø°Ø§ Ø¨Ø¯ÙƒØŒ Ø£Ùˆ Ø§ØªÙ…Ø¯Ø¯ Ø¥Ø°Ø§ Ù…Ø§ Ø¨Ø¯Ùƒ. Ù‚ÙˆÙ„.
ÙÙŠÙŠ Ø§Ø¶Ø­Ùƒ Ø¥Ø°Ø§ Ø¨Ø¯ÙƒØŒ ÙŠØ§ Ø§Ù…Ø§ Ø§Ø¨ÙƒÙŠ Ø¥Ø°Ø§ Ø§Ù†Ø³Ø¨Ù„Ùƒ. Ø¨Ø³ Ù‚ÙˆÙ„.

Ù„ÙŠÙ‡ Ù„ÙŠÙ‡Ù…Ù†ÙŠ Ø§Ù†ÙŠ ÙƒÙˆÙ† Ø¨Ø¯Ù„ Ù…Ù† Ø§Ù†ÙŠ ØµÙŠØ±ØŸ 
ÙƒÙ„ Ø§Ù„Ø£Ø´ÙŠØ§Ø¡ Ø¨ØªØ¹ÙŠØ´ Ù„ØªÙ†ØªÙ‡ÙŠ Ø¨Ù„Ø­Ù† Ø¬Ø¯ÙŠØ¯.
Ø§Ù„ÙØ±Ù‚ Ø¨ÙŠÙ† Ø§Ù„Ø­Ø±ÙŠØ© ÙˆØ§Ù„Ø®Ø¶ÙˆØ¹ ØªØ®ÙŠÙŠØ±.
Ø£Ù†Ø§ Ù„ÙŠ Ø§Ø®ØªØ±Øª. Ø£Ù†Ø§ Ù„ÙŠ Ù‚Ø¨Ù„Øª. Ø£Ù†Ø§ Ù„ÙŠ Ù‚Ù„Øª. 
Ø³Ù…ÙŠ Ø§Ù„Ø´ÙŠØ·Ø§Ù† Ø¨Ø¥Ø³Ù…Ùˆ ÙˆØ³Ù…ÙŠ Ø§Ù„ÙÙ†Ø§Ù† ÙƒØ°Ø§Ø¨.
Ù†ØµÙ Ø§Ù„Ø£Ø´ÙŠØ§Ø¡ ÙŠÙ„ÙŠ Ø¨Ø­Ø³Ù‡Ø§ Ø¨ØªØ¬ÙŠ Ù…Ù† Ø§Ù„Ø®ÙŠØ§Ù„. 
ÙˆØ¥Ø°Ø§ Ø¨Ù†Ø§Ù‚Ø¯ Ù†ÙØ³ÙŠ ÙƒÙ„Ù†Ø§ Ù…Ù†Ø­ØªÙˆÙŠ Ø£Ø¹Ø¯Ø§Ø¯ØŒ 
Ø£Ù†Ø§ Ù„ÙŠ ÙƒØ¨Ø±Øª. Ø£Ù†Ø§ Ù„ÙŠ Ù‚Ø¨Ù„Øª. Ø£Ù†Ø§ Ù„ÙŠ Ù‚Ù„Øª."	2015-03-17T23:07:59Z	https://soundcloud.com/ahmed-gado-6-1/mashrou-leila-3-minutes	single-track		https://i1.sndcdn.com/artworks-000110379613-jd19bf-large.jpg	2021-10-20T21:16:34Z	100	track
â€«Ù…Ø´Ø±ÙˆØ¹ Ù„ÙŠÙ„Ù‰ - Ø¹Ø¨Ø¯Ùˆâ€¬	106853153	mashro3laila		2013-08-23T15:27:25Z	https://soundcloud.com/7os/v49h27ddwxd8	single-track		https://i1.sndcdn.com/artworks-000056141638-pt3n9d-large.jpg	2021-06-22T04:30:36Z	100	track
Mashrou' Leila - Kalam Ù…Ø´Ø±ÙˆØ¹ Ù„ÙŠÙ„ÙŠ- ÙƒÙ„Ø§Ù…	235069881	Ù…Ø´Ø±ÙˆØ¹_Ù„ÙŠÙ„ÙŠ		2015-11-28T09:03:16Z	https://soundcloud.com/iciomarr/mashrou-leila-kalam	single-track		https://i1.sndcdn.com/artworks-000137638076-9756ow-large.jpg	2021-10-06T20:40:22Z	0	track
Mashrou' Leila - Ashabi Ù…Ø´Ø±ÙˆØ¹ Ù„ÙŠÙ„ÙŠ - Ø§ØµØ­Ø§Ø¨ÙŠ	235076831	Rock		2015-11-28T11:04:50Z	https://soundcloud.com/amr-ashraf-edriess/mashrou-leila-ashabi	single-track		https://i1.sndcdn.com/artworks-000137644056-j5wndd-large.jpg	2021-10-20T21:16:32Z	0	track
Mashrou' Leila - Maghawir / Ù…Ø´Ø±ÙˆØ¹ Ù„ÙŠÙ„Ù‰ - Ù…ØºØ§ÙˆÙŠØ±	223814615	Band	"Ø£ÙˆÙ„Ø§Ù‹ Ø³Ù†Ø© Ø­Ù„ÙˆØ© ÙŠØ§ Ø¬Ù…ÙŠÙ„ 
Ø«Ø§Ù†ÙŠØ§Ù‹ Ø§Ù„Ù„ÙŠÙ„ Ø­ÙŠÙƒÙˆÙ† Ø·ÙˆÙŠÙ„
Ù‚ÙˆÙ„ Ù„Ø¥Ù…Ùƒ Ù…Ø§ ØªØ®Ø§Ù Ø§Ù„Ù…Ù„Ù‡ÙŠ Ø¹Ù„ÙŠ Ø¨ÙØ¹Ø¯ Ø±ØµØ§Øµ
Ø«Ø§Ù„Ø«Ø§Ù‹ Ø¥Ù„Ø¨Ø³ Ø§Ù„Ø£Ø³ÙˆØ¯ Ùˆ Ø¥Ù†Ø²Ù„ 
Ø¹Ø§Ù„Ù…Ø§Ù‹ Ø¨Ø³ ØªØªÙ„ÙÚ† ÙÙˆÙ‚ Ø§Ù„ØªÙ„Ø§Ù„
Ø¨ÙŠØµÙŠØ±ÙˆØ§ Ø§Ù„ØµÙŒØ¨ÙŠØ§Ù† Ø±Ú†Ø§Ù„ Ù…ØºØ§ÙˆÙŠØ± Ø¨Ø¹Ø§ØµÙ…Ø© Ø§Ù„Ù„ÙŠÙ„ 
Ø¹Ù„Ù…ÙˆÙ†Ø§ Ø¹Ù„ÙŠ Ø§Ù„Ù…Ù„Ø¹Ø¨ Ù†Ù„Ø¹Ø¨ Ø¹ØµØ§Ø¨Ø§Øª 
Ø´ÙˆØ¨ Ø´ÙˆØ¨ Ù‚ÙˆÙ‘ØµÙˆÙƒ Ø´ÙˆØ¨ Ø´ÙˆØ¨ Ù‚ÙˆÙ‘ØµÙˆÙƒ Ø´ÙˆØ¨ Ø´ÙˆØ¨ Ù‚ÙˆÙ‘ØµÙˆÙƒ
ÙƒÙÙ†Ù‘Ø§ Ø³ÙˆØ§ Ø¹Ù… Ù†ØªØ³Ù„Ù‘Ù‰ ÙˆÙŠÙ†Ùƒ Ø£Ø®ØªÙÙŠØª 
Ø´ÙˆØ¨ Ø´ÙˆØ¨ Ù‚ÙˆÙ‘ØµÙˆÙƒ Ø´ÙˆØ¨ Ø´ÙˆØ¨ Ù‚ÙˆÙ‘ØµÙˆÙƒ Ø´ÙˆØ¨ Ø´ÙˆØ¨ Ù‚ÙˆÙ‘ØµÙˆÙƒ
Ø±Ø§Ø¨Ø¹Ø§Ù‹ Ù…Ø§ ØªØ­ÙƒÙŠ Ù…Ø¹ Ù†Ø³ÙˆØ§Ù† Ø¹Ù„Ø´Ø§Ù† Ù…Ø§ Ù†Ø³Ù‡Ø± Ø¹Ù„ÙŠ Ø§Ù„Ø¬Ø«Ù‘Ù…Ø§Ù†
Ù‡ÙˆÙ† Ø§Ù„Ø³Øª Ø¨Ø³ Ù…Ù‚ÙŠØ§Ø³ Ù„ÙƒØ±Ø§Ù…ØªÙ‡ Ù‚Ø¯Ø§Ù… Ø§Ù„Ù†Ø§Ø³
ØºØ§Ù„Ø¨Ø§Ù‹ ÙÙŠ Ø·Ø¨Ù†Ø¬Ø© Ø¨Ú†ÙŠØ§Ø¨Ù‡ Ø¹Ù„Ø´Ø§Ù† Ø§Ù„ØµØ¨ÙŠ Ø¥Ø¨Ù† Ø¨ÙŠÙ‘Ù‡
ÙˆÙ‡ÙˆÙ† Ù…Ø§ Ø­Ø¯Ø§ Ø¨ÙŠÙ†Ø·Ø§Ù„ Ø£Ø¯ÙˆÙ†ÙŠØ³ Ø¶Ø­ÙŠÙ‘Ø© Ø§Ù„Ø£Ø¯ØºØ§Ù„
"	2015-09-14T14:26:32Z	https://soundcloud.com/omarrahmeed/mashrou-leila-maghaweer-al-layl-original-version	single-track		https://i1.sndcdn.com/artworks-000137645415-0rmaur-large.jpg	2020-09-04T12:02:39Z	0	track
Mashroua Leila - Im Bimbilla7   Ù…Ø´Ø±ÙˆØ¹ Ù„ÙŠÙ„Ù‰- Ø¥Ù… Ø¨Ù…Ø¨Ù„Ù„Ø­	76153053			2013-01-23T18:30:53Z	https://soundcloud.com/basmala-gamal/mashroua-leila-im-bimbilla7	single-track		https://i1.sndcdn.com/artworks-000051316658-5ekkis-large.jpg	2020-09-17T08:30:45Z	0	track
Hello - Adele	230155983	hello	"Vocals/Piano/Recording/Production by me, in my bedroom!

Follow me on:
Website: www.gracedaviesofficial.com
Facebook: gracedaviesofficial
YouTube: gracedaviesoffical
Instagram: gracedaviesofficial
Snapchat: gracedofficial
Twitter: gracedavies"	2015-10-26T14:51:09Z	https://soundcloud.com/gracedaviesofficial/hello-adele	single-track		https://i1.sndcdn.com/artworks-000134001026-tugyco-large.jpg	2021-10-01T22:25:46Z	100	track
Adele - Someone Like You	34517808			2012-01-25T19:04:45Z	https://soundcloud.com/erdemaktas/adele-someone-like-you	single-track		https://i1.sndcdn.com/artworks-000017325329-xx6qyf-large.jpg	2021-10-19T18:27:11Z	100	track
Send My Love (To Your New Lover)	264408464	Pop		2016-05-16T16:39:11Z	https://soundcloud.com/adelemusic/send-my-love-to-your-new-lover	single-track		https://i1.sndcdn.com/artworks-qIhsbF0kBcMW-0-large.png	2021-03-18T19:49:31Z	0	track
Set Fire to the Rain	254407931	Pop		2016-03-23T12:08:53Z	https://soundcloud.com/adelemusic/set-fire-to-the-rain-1	single-track		https://i1.sndcdn.com/artworks-HiWfSvmc7obu-0-large.png	2021-10-11T23:01:02Z	0	track
When We Were Young	254407937	Pop		2016-03-23T12:08:53Z	https://soundcloud.com/adelemusic/when-we-were-young	single-track		https://i1.sndcdn.com/artworks-S7TUw4HOMU0h-0-large.png	2021-03-18T19:53:04Z	0	track
Rolling in the Deep (Adele Cover)	12438205		John Legend - Rolling in the Deep (Adele Cover)	2011-03-23T21:53:12Z	https://soundcloud.com/johnlegend/john-legend-rolling-in-the	single-track		https://i1.sndcdn.com/artworks-000005796865-pzb41q-large.jpg	2021-10-06T12:19:28Z	651058	track
Adele - Million Years Ago	246284667	pop		2016-02-09T23:57:54Z	https://soundcloud.com/cordelia-632296586/adele-million-years-ago	single-track		https://i1.sndcdn.com/artworks-000146546723-ag3b2q-large.jpg	2021-10-06T12:31:34Z	0	track
Rolling in the Deep	254407925	Pop		2016-03-23T12:08:52Z	https://soundcloud.com/adelemusic/rolling-in-the-deep	single-track		https://i1.sndcdn.com/artworks-NvllPY33IY6T-0-large.png	2021-09-28T05:02:56Z	0	track
I Miss You	270476025	Pop		2016-06-23T12:05:59Z	https://soundcloud.com/adelemusic/i-miss-you	single-track		https://i1.sndcdn.com/artworks-XPWckX2cwxtp-0-large.png	2021-04-04T07:04:40Z	0	track
Rumour Has It	254407922	Pop		2016-03-23T12:08:51Z	https://soundcloud.com/adelemusic/rumour-has-it	single-track		https://i1.sndcdn.com/artworks-Aej9NeipvCTb-0-large.png	2021-03-18T19:49:00Z	0	track
Turning Tables	254407929	Pop		2016-03-23T12:08:52Z	https://soundcloud.com/adelemusic/turning-tables	single-track		https://i1.sndcdn.com/artworks-a2vPMuMOlds3-0-large.png	2021-09-13T13:31:26Z	0	track
Adele - Chasing Pavements	254407915	Pop		2016-03-23T12:08:50Z	https://soundcloud.com/adelemusic/chasing-pavements	single-track		https://i1.sndcdn.com/artworks-WyjcwnG0yngI-0-large.png	2021-09-02T14:13:23Z	0	track
Don't You Remember	254407924	Pop		2016-03-23T12:08:52Z	https://soundcloud.com/adelemusic/dont-you-remember	single-track		https://i1.sndcdn.com/artworks-kJtYMImC5NTi-0-large.png	2021-07-12T23:59:11Z	0	track
One And Only	254407943	Pop		2016-03-23T12:08:56Z	https://soundcloud.com/adelemusic/one-and-only	single-track		https://i1.sndcdn.com/artworks-ISuzUjF5M6PH-0-large.png	2021-03-18T19:49:29Z	0	track
Water Under the Bridge	270476005	Pop		2016-06-23T12:05:47Z	https://soundcloud.com/adelemusic/water-under-the-bridge	single-track		https://i1.sndcdn.com/artworks-MFPV0JKPndIq-0-large.png	2021-03-18T19:54:44Z	0	track
Herz Ãœber Kopf (DJ N'Farmer Deephouse Remix )	239722804	JORIS	https://www.facebook.com/djnfarmer/	2015-12-30T18:55:49Z	https://soundcloud.com/gunther-h-fler/herz-uber-kopf-dj-nfarmer-deephouse-remix	single-track		https://i1.sndcdn.com/artworks-000141305593-5bsagx-large.jpg	2015-12-30T19:18:31Z	0	track
SIDO X ANDREAS BOURANI - Astronaut (Hysteric Mind Bootleg)	218730288	Progressive House	Lasst mir euer Feedback da , ich hoffe es gefÃ¤llt euch !	2015-08-11T10:16:11Z	https://soundcloud.com/hystericmind/sido-x-andreas-bourani-astronaut-hysteric-mind-bootleg	single-track		https://i1.sndcdn.com/artworks-000126011293-ysyqah-large.jpg	2021-08-13T17:18:13Z	100	track
I CanÂ´t Get No Sleep (INSOMNIA)	226515734	KALLI		2015-10-02T00:24:06Z	https://soundcloud.com/robert-noffke/i-cant-get-no-sleep-insomnia	single-track		https://i1.sndcdn.com/artworks-000131370810-6k8x4x-large.jpg	2020-04-08T19:03:02Z	0	track
Galantis - Peanut Butter Jelly	201277926	Galantis	"Get Galantis Merchandise: http://galantis.merchline.com
Amazon Store: http://smarturl.it/GalantisStoreAmazon

PHARMACY Available Now: 
iTunes: http://smarturl.it/GalantisPharmacy_iT 
Spotify: http://smarturl.it/S_Pharmacy
Google Play: http://smarturl.it/GP_Pharmacy
Amazon: http://smarturl.it/A_Pharmacy

Watch their video for Peanut Butter Jelly: http://smarturl.it/GalantisPBJmvideo

Follow Galantis:
Website: http://smarturl.it/GalantisFb
Facebook: http://smarturl.it/GalantisFb
Twitter: http://smarturl.it/GalantisTw
Instagram: http://smarturl.it/GalantisInsta
SoundCloud: http://smarturl.it/GalantisSc
Spotify: http://smarturl.it/GalantisPharmacy_Sp
YouTube: http://youtube.com/wearegalantis
Snapchat: WeAreGalantis

Galantis on tour
Tour dates - http://smarturl.it/GalantisTour"	2015-04-17T17:41:25Z	https://soundcloud.com/wearegalantis/peanut-butter-jelly	single-track		https://i1.sndcdn.com/artworks-000113719015-iono8k-large.jpg	2021-10-17T16:00:56Z	0	track
Sydh - Partir Un Jour [Cover 2Be3]	175143236	Cover	"Sydh reprend en live acoustique Partir un jour des 2Be3 !

Nouvelle cover Ã  la sauce Sydhienne et son supplÃ©ment d'instruments insolites. 
Devant l'enthousiasme gÃ©nÃ©ral que vous nous avez montrÃ© Ã  reprendre en cÅ“ur cette chanson sur les derniers live, ce qui ne devait Ãªtre qu'une blague se transforme en petit hommage nostalgique xD

N'ayez pas peur du ridicule et vous aussi devant votre Ã©cran reprenez avec nous ce tube de notre enfance ;)

Accords guitare:
Accords ukulÃ©lÃ© (voicing):
- couplet: G/ Dsus4 / G / Gsus4
- prÃ©-refrain (x2): Em7/ A7sus4
- refrain (x2): Em7 / A7sus4 / Em7 (x2)
Accord grenouille (en boucle): ClapClap / Clap xD


Retrouvez toute notre actualitÃ© sur Facebook ainsi que sur notre site officiel sydh.fr

De gauche Ã  droite: Florian Hernvann (guitare et chant), Simon Gardaix (grenouille et chant), Guillaume Violas (ukulÃ©lÃ© et chant)

Suivez nous sur Twitter: @SydhMusic (le groupe), @Trx0r (Simon), @Dromwell (Guillaume)

Image/Son: Â©Sydh
Montage: Guillaume Violas
MatÃ©riel: Canon 70D, Zoom H4n

L'album ""Comme les autres"" de Sydh est disponible sur le site officiel http://sydh.fr/notre-musique/ et:
Sydh sur iTunes: https://itunes.apple.com/fr/album/id642773464
Sydh sur Deezer: http://www.deezer.com/album/6552415
Sydh sur Spotify: https://play.spotify.com/album/6gk3YD7xjCh7zvhDNLWeo4
Sydh sur Bandcamp: http://sydh.bandcamp.com/"	2014-11-03T15:17:00Z	https://soundcloud.com/sydhmusic/sydh-partir-un-jour-cover-2be3	single-track		https://i1.sndcdn.com/artworks-000095989642-dc3qb8-large.jpg	2015-01-09T22:32:19Z	100	track
Stitches by Shawn Mendes	226934488	shawn mendes	Here is our cover of Stitches by Shawn Mendes. We hope you like it!	2015-10-05T00:27:41Z	https://soundcloud.com/mass98-1/stitches-by-shawn-mendes	single-track		https://i1.sndcdn.com/artworks-000131671218-fhes8a-large.jpg	2015-10-05T00:27:42Z	0	track
Un-Break My Heart	64542535	Rnb	"""Un-Break My Heart"" from the album Secrets, 1996."	2012-10-23T21:47:18Z	https://soundcloud.com/tonibraxton/un-break-my-heart	single-track		https://i1.sndcdn.com/artworks-000038545159-z68sfx-large.jpg	2021-09-16T20:27:36Z	0	track
Lauryn Hill - Killing Me Softly	165418260	Blackmusic	Fugees	2014-08-30T06:01:44Z	https://soundcloud.com/moiz-s-patrick/lauryn-hill-killing-me-softly	single-track		https://i1.sndcdn.com/artworks-000089547370-y7b5o0-large.jpg	2021-09-22T00:59:59Z	100	track
SkyScraper -Shawn Mendes	145970667	pop	not much different from the last but this one feels better ! hope you enjoy !	2014-04-22T19:52:31Z	https://soundcloud.com/officialshawnmendes/sky	single-track		https://i1.sndcdn.com/artworks-000077394329-9ymigr-large.jpg	2021-08-23T07:03:23Z	0	track
Shawn Mendes - Stitches(Performed Live for the First Time)	193236646	Shawn Mendes	"Link to original video: https://www.youtube.com/watch?v=NGg6qulQaew
Subscribe to Shawn: www.youtube.com/user/qzMendShawqz?feature=watch 
Follow Shawn-- 
Instagram: instagram.com/shawnnmendes
Twitter: twitter.com/shawnnmendes
Vine: vine.co/u/937830842749816832

PopBadass GirlShawn MendesOriginalYouNowShawnMendes
"	2015-02-26T21:35:48Z	https://soundcloud.com/gabbykinz/shawn-mendes-stitches	single-track		https://i1.sndcdn.com/artworks-000108222772-sklhj2-large.jpg	2021-08-13T17:18:12Z	0	track
sam smith spectre song - writing's on the wall	230918479	sam smith		2015-10-31T12:01:57Z	https://soundcloud.com/nehal-kamal-nemo/writings-on-the-wall-live-show	single-track		https://i1.sndcdn.com/artworks-000134567209-oj308m-large.jpg	2021-09-26T00:53:27Z	0	track
Reload (Sebastian Ingrosso - Tommy Trash - John Martin)	86484506	Electronic	"BUY NOW: http://po.st/BuyReload
"	2013-04-05T10:10:26Z	https://soundcloud.com/ingrosso/reload-vocal-version	single-track		https://i1.sndcdn.com/artworks-000044727367-46s1mi-large.jpg	2021-07-22T12:06:48Z	0	track
Ein Teil (MTV Unplugged)	214538549	HipHop		2015-07-13T16:47:02Z	https://soundcloud.com/daria-korezkaya/ein-teil	single-track		https://i1.sndcdn.com/artworks-000123119664-6648tv-large.jpg	2016-11-25T14:15:12Z	0	track
She's Kinda Hot (Live)	223994450	5sos		2015-09-15T17:05:51Z	https://soundcloud.com/5sosdownloads/shes-kinda-hot-live	single-track		https://i1.sndcdn.com/artworks-000129628646-rsyt6q-large.jpg	2015-11-02T23:39:05Z	100	track
Story of My Life	124365265	Pop		2013-12-11T20:08:47Z	https://soundcloud.com/inti-baker/one-direction-3	single-track		https://i1.sndcdn.com/artworks-000065095077-c7hyh7-large.jpg	2021-10-09T10:49:53Z	0	track
My piano, the clouds	54698516	Classical	Just me and my piano. 	2012-07-31T11:41:58Z	https://soundcloud.com/fabrizio-paterlini/fabrizio-paterlini-my-piano	single-track		https://i1.sndcdn.com/artworks-000027631477-5j2h0t-large.jpg	2020-12-19T06:04:34Z	7780	track
There's a light we might see	68198490	Modern Classical 	"This is the previously unreleased track included in the benefit compilation ""... and darkness came"", curated by Headphone Commute for helping people affected by Hurricane Sandy. All the income generated from this release will be donated to Doctors without Borders and The Humane Society. 

You can buy it and contribute to the cause by checking:
www.headphonecommute.bandcamp.com

Fabrizio plays the piano.

Silvia Dal Paos: Cello
Chiara Spagnolo: Violin"	2012-11-20T20:55:29Z	https://soundcloud.com/fabrizio-paterlini/fabrizio-paterlini-theres-a	single-track		https://i1.sndcdn.com/artworks-000089153496-iclfha-large.jpg	2021-08-24T06:01:15Z	612	track
The stars that fell over that night	18467337	Classical	"New music is coming on August 29, 2011. ""The star the fell over that night"" (originally composed for FBL sound postcard) will be part of the album that will be released under Creative Commons license @ www.fabriziopaterlinirecords.com.

Download the single and share it :)"	2011-07-05T22:39:01Z	https://soundcloud.com/fabrizio-paterlini/the-stars-that-fell-over-that	single-track		https://i1.sndcdn.com/artworks-000010108184-e4omai-large.jpg	2019-11-22T10:21:47Z	3402	track
After the rain there will always be the sun	78555078	Modern Classical 	"Music by Fabrizio Paterlini

Fabrizio plays the piano
Live electronics by London DC

Violin: Eugenio Gargiola
Cello: Silvia Dal Paos
"	2013-02-09T21:07:19Z	https://soundcloud.com/fabrizio-paterlini/after-the-rain-there-will	single-track		https://i1.sndcdn.com/artworks-000044155373-mznvar-large.jpg	2019-07-29T23:19:32Z	2916	track
Rolling in the Deep	254407925	Pop		2016-03-23T12:08:52Z	https://soundcloud.com/adelemusic/rolling-in-the-deep	single-track		https://i1.sndcdn.com/artworks-NvllPY33IY6T-0-large.png	2021-09-28T05:02:56Z	0	track
Love In The Dark	270475967	Pop		2016-06-23T12:05:39Z	https://soundcloud.com/adelemusic/love-in-the-dark	single-track		https://i1.sndcdn.com/artworks-k2hnDKmEp5fQ-0-large.png	2021-03-18T19:49:19Z	0	track
Someone Like You	254407936	Pop		2016-03-23T12:08:53Z	https://soundcloud.com/adelemusic/someone-like-you	single-track		https://i1.sndcdn.com/artworks-G461PTYxzS92-0-large.png	2021-10-11T07:48:28Z	0	track
