title	id	genre	caption	description	permalink_url	download_count	last_modified	artwork_url	created_at	track_format	kind
Adele | Set Fire To The Rain ( Reggae Version By Reggaesta )	66424164				https://soundcloud.com/yara-yussef/adele-set-fire-to-the-rain	0	2021-10-10T20:53:05Z	https://i1.sndcdn.com/artworks-000033695413-9mta5p-large.jpg	2012-11-07T00:52:12Z	single-track	track
Set Fire To The Rain (Adele)	35646952	Sex		"http://TheHeartwood.com
http://smarurl.it/Merchandise
http://Facebook.com/SycAmour"	https://soundcloud.com/sycamour/sycamour-set-fire-to-the-rain	0	2021-10-09T11:46:29Z	https://i1.sndcdn.com/artworks-000077169626-hhxbcg-large.jpg	2012-02-05T17:16:44Z	single-track	track
Its A Good Day ***FREE DOWNLOAD***	125711181	electro swing		"Kiss Me Yesterday Remix of Peggy Lee's It's a good day

Enjoy and share!

vocals by: helene.griesslehner@gmail.com (feel free to contact me with questions, comments ... ;))

Thank you for liking us on facebook: https://www.facebook.com/kissmeyesterday

For booking Kiss Me Yesterday as a Live-Act please contact booking@kiss-me-yesterday.com

www.kiss-me-yesterday.com"	https://soundcloud.com/kiss-me-yesterday/its-a-good-day-free-download	6470	2021-06-06T11:32:54Z	https://i1.sndcdn.com/artworks-000147281310-f0bfvu-large.jpg	2013-12-20T09:42:17Z	single-track	track
Chandelier (Chill Mixes)	193043338	House			https://soundcloud.com/chill-mixes/chandelier-chill-mixes	101	2018-08-02T17:31:45Z	https://i1.sndcdn.com/artworks-000108110645-lnz8um-large.jpg	2015-02-25T22:52:12Z	single-track	track
